RUA BRAULIO ARAUJO GUSMÃO ,-7.2586842,-35.9023882
RUA JAMILA ABRAÃO JORGE ,-7.2433129,-35.9233968
"RUA FRANCISCO AMARO DE LIMA, 15",-7.2626241,-35.9014272
RUA CASSIMIRO PEREIRA ,-7.2223667,-35.8734667
"CONJUNTO RONALDO CUNHA LIMA - QUADRA 10, LOTE 15",-7.2223667,-35.8734667
CANAL DO BODOCONGO,-7.2379439,-35.9216638
CONJUNTO DOS PROFESSORES - RUA RICARDO WAGNER ,-7.2223667,-35.8734667
RUA AFONSO HENRIQUE ,-7.2559025,-35.9122155
RUA MARIO MARTINS RAPOSO,-7.2223667,-35.8734667
AVENIDA AMAZONAS ,-7.2396624,-35.893326
RUA PEDRO I,-7.2354102,-35.8886921
TV LAURINDO PEREIRA,-7.2549377,-35.8969799
RUA GONÇALVES DIAS,-7.2186207,-35.8481398
AVENIDA ALMIRANTE BARROSO,-7.23547,-35.8962185
RUA DAS JUREMAS,-7.2483392,-35.9226253
RUA VIGÁRIO CALIPTO 151 ,-7.2290384,-35.8818927
RUA MANOEL GUIMARÃES MORAIS ,-7.2217437,-35.9179453
RUA PEDRO OTAVIO DE FARIAS,-7.2449416,-35.8926445
ALMIRANTE BARROSO,-7.23547,-35.8962185
RUA JOSÉ DO O - CONCEICAO,-7.2109309,-35.8810669
AV RIO BRANCO ,-7.2179285,-35.8950022
AVENIDA DINAMERICA,-7.2339942,-35.9105869
RUA ALMEIDA BARRETO,-7.2294646,-35.9110185
RUA CLAUDINO COLAÇO,-7.2223667,-35.8734667
ELPÍDIO DE ALMEIDA,-7.2275983,-35.877002
RUA PREFEITO ANTONIO COUTINHO ,-7.2444422,-35.8884102
RUA MEN. DE SÁ,-7.2350815,-35.9071684
RUA PRESIDENTE COSTA E SILVA,-7.2365463,-35.9028056
RUA ASCENDINO TOSCANO BRITO,-7.2520968,-35.9093615
RUA FRANCISCO LOPES,-7.2275107,-35.9012895
AVENIDA JUSCELINO KUBITSCHECK,-7.25708,-35.9097373
RUA QUEBRA QUILOS,-7.2211282,-35.8774007
"RUA JOSEFINA MONTENEGRO, 56",-7.2978857,-35.8837806
RUA ALMEIDA BARRETO,-7.2294646,-35.9110185
RUA JOSE MARINHO FALCÃO,-7.2127019,-35.9235229
RUA TRANQÜILINO COELHO LEMOS,-7.2371684,-35.9179367
"RUA EMIDIO LUCAS DA SILVA,419",-7.221541,-35.9070527
RUA GEULIO VARGAS,-7.2177546,-35.8916177
RUA ALDERICO DE PESSOA OLIVEIRA 104,-7.2426335,-35.8847422
RUA VIGÁRIO CALIXTO,-7.2563153,-35.8787877
AVENIDA ALMIRANTE BARROSO ,-7.23547,-35.8962185
RUA JOSÉ MARTINS DE ANDRADE,-7.2223667,-35.8734667
RUA GASPARINO BARRETO,-7.2458674,-35.9007913
RUA RIO DE JANEIRO ,-7.2324716,-35.8918351
RUA RODRIGUES ALVES,-7.219792,-35.8982818
RUA PAULO DE FRONTIN,-7.2265122,-35.8792653
RUA ENGENHEIRO LOURIVAL ANDRADE,-7.2245022,-35.9147951
RUA ELPÍDIO DE ALMEIDA,-7.2275983,-35.877002
RUA FRANCISCO ALVES REIS,-7.2441205,-35.918501
RUA AMERICO CARNEIRO 378,-7.2361086,-35.9010103
RUA NILTON XAVIER LIMA 07,-7.2539212,-35.9081215
RUA PEDRO II,-7.2355123,-35.8886827
RUA DOUTOR ACÁCIO FIGUEIREDO,-7.267808,-35.9189876
RUA ARGENTINA ,-7.2274673,-35.9023028
RUA CAMPOS SALES,-7.2257831,-35.8724315
RUA DELMIRO GOUVEIA,-7.2272611,-35.8973858
RUA JOÃO MARTINS GUIMARAES,-7.2419106,-35.8998231
AVENIDA FLORIANO PEIXOTO,-7.2146094,-35.8733014
AVENIDA DINAMÉRICA ALVES CORRÊA,-7.2339942,-35.9105869
RUA PAPA JOÃO PAULO I,-7.2178632,-35.8591115
RUA RIO DE JANEIRO,-7.2324716,-35.8918351
AVENIDA DR. ELPÍDIO DE ALMEIDA,-7.2275983,-35.877002
RUA DR GUTEMBERG UCHÔA,-7.2223667,-35.8734667
RUA PADRE ANCHIETA ,-7.2317536,-35.8790035
RUA NELMA GUSMÃO BARROS,-7.2223667,-35.8734667
RUA MAMEDE MOISES RAIA,-7.2196143,-35.8680883
RUA MAMEDE DE MOISES RAYA,-7.2196143,-35.8680883
RUA PORTO ALEGRE 395,-7.2501916,-35.9190474
RUA SANTA CATARINA,-7.2429091,-35.8905571
RUA CLEITON ISMAEL,-7.2148926,-35.8781628
RUA CARLOS CHAGAS,-7.2277669,-35.8915
AV ARGEMIRO DE FIGUEIREDO,-7.2562151,-35.8767548
AVENIDA ANTÔNIO VILARIM,-7.2422696,-35.8729246
RUA SÃO PAULO,-7.233188,-35.8902239
RUA JOÃO QUIRINO,-7.2354335,-35.8827645
RUA SEVERINO BEZERRA CABRAL,-7.2364372,-35.8674227
RUA EUNICE RIBEIRO ARAÚJO,-7.2280734,-35.9070979
RUA CÍCERO JACINTO,-7.2285237,-35.8792709
RUA CORONEL JOÃO LOURENÇO PORTO,-7.2200849,-35.8812143
RUA DOUTOR ACÁCIO FIGUEIREDO,-7.267808,-35.9189876
RUA DO SOL,-7.2331445,-35.9047539
RUA MACIEL PINHEIRO,-7.2179827,-35.883646
RUA PROJETADA CONDOMÍNIO MAJOR VENEZIANO,-7.2223667,-35.8734667
RUA CLEITON ISMAEL,-7.2148926,-35.8781628
RUA AUGUSTO SOARES PEDROSA,-7.2223667,-35.8734667
RUA RAIMUNDO NONATO,-7.2316765,-35.8714851
RUA SANTARÉM ,-7.2312997,-35.9294593
RUA CORONEL JOÃO DA COSTA E SILVA ,-7.2227469,-35.8997066
RUA JOANA D ARC,-7.2227657,-35.872045
RUA MARCIEL PINHEIRO,-7.2179827,-35.883646
RUA GILBERTO PEREIRA,-7.2349147,-35.8928853
RUA MANOEL FELICIANO ,-7.2382978,-35.9002518
RUA CORNELIO JACINTO ,-7.247724,-35.9263465
TRAV SÃO JACINTO,-7.2079854,-35.8877695
RUA MILTON XAVIER LIRA,-7.2551131,-35.9022736
RUA VIGÁRIO CALIXTO,-7.2563153,-35.8787877
RUA CARDOSO VIEIRA,-7.2183894,-35.8847321
RUA JOÃO CLEMENTINO DOS SANTOS,-7.2463934,-35.9160187
"RUA JOSE MONTANA LEITE,105",-7.2502283,-35.8804537
RUA CARSOSO VIEIRA,-7.2183894,-35.8847321
"RUA LINO GOMES SILVA , 54",-7.2223739,-35.8885452
RUA MARQUÊS DO HERVAL ,-7.2186352,-35.8850358
RUA JOANA DARC,-7.2227657,-35.872045
RUA FREI CANECA,-7.2234394,-35.8865472
RUA MINAS GERAIS,-7.2294948,-35.8907541
RUA JOVINO SOBREIRA DE CARVALHO ,-7.2452594,-35.89556
AVENIDA MARECHAL FLORIANO PEIXOTO,-7.2352697,-35.918718
RUA ANTÔNIO GUEDES DE ANDRADE ,-7.2284267,-35.8800518
RUA TUCURUÍ,-7.2538661,-35.9338014
RUA BRIGADEIRO EDUARDO GOMES,-7.2144368,-35.9107157
"RUA PROJETADA, QUADRA 7 LOTE 33,",-7.1960369,-35.8792971
AVENIDA JUSCELINO KUBITSCHECK,-7.25708,-35.9097373
RUA FLORIANO PEIXOTO,-7.2146094,-35.8733014
RUA IGUARAÇU,-7.2738478,-35.9306539
RUA ESTELITA CRUZ,-7.215221,-35.8811836
RUA LUIZ FERREIRA DA SILVA,-7.2736397,-35.9227754
"RUA: SEVERINO PIMENTEL N,132",-7.2353072,-35.8946439
"RUA AVANÍ CASSIMIRO DE ALBUQUERQUE, 139",-7.2223667,-35.8734667
"RUA MANUEL DO Ó,37",-7.2069758,-35.8939955
RUA GETÚLIO VARGAS,-7.2177546,-35.8916177
RUA ARRUDA CÂMARA,-7.2161225,-35.8725912
RUA DOUTOR SEVERINO CRUZ,-7.2250564,-35.8816899
RUA IRINEU JOFILI ,-7.2217097,-35.8843948
RUA RODRIGUES ALVES,-7.219792,-35.8982818
RUA BEATRIZ LEAL,-7.2474619,-35.8743412
RUA EDÉSIO SILVA,-7.2415243,-35.8923018
RUA ODON BEZERRA,-7.2363284,-35.8964264
SÃO JOSÉ DA MATA,-7.216667,-35.9166669
RUA FLORIANO,-7.2358626,-35.9268307
RUA CAMPOS SALES,-7.2257831,-35.8724315
AVENIDA ALMIRANTE BARROSO,-7.23547,-35.8962185
RUA FLORIPEDIS COUTINHO BAIRRO,-7.2223667,-35.8734667
RUA ESPIRITO SANTO,-7.2306975,-35.892817
RUA EPITÁCIO PESSOA,-7.2232794,-35.9006096
RUA SILVA JARDINS ,-7.2223667,-35.8734667
RUA FRANCISCO LOPES DE ALMEIDA,-7.2509654,-35.9273498
RUA ARGENTINO,-7.2223667,-35.8734667
RUA CLEMENTINO SIQUEIRA,-7.2064363,-35.8726168
"RUA SANTAREM N, 458",-7.2312997,-35.9294593
RUA ELPIDIO DE ALMEIDA,-7.2275983,-35.877002
RUA MINAS GERAIS,-7.2294948,-35.8907541
RUA JOAO WALING,-7.2587449,-35.9070667
RUA DOM PEDRO I,-7.2266612,-35.8927892
RUA ODON BEZERRA,-7.2363284,-35.8964264
RUA ENGENHEIRO JOSÉ BEZERRA,-7.2362438,-35.8635495
RUA JOSÉ GONÇALVES LUCENA,-7.2439938,-35.901272
JOSÉ OSCAR TEIXEIRA PRIMO,-7.2223667,-35.8734667
RUA ANTONIETA DE ARAÚJO LUCENA,-7.2548823,-35.9067928
RUA LUÍS SOARES,-7.2168108,-35.8910973
RUA JOSÉ CELINO FILHO 380,-7.2345886,-35.864637
RUA TREZE DE MAIO,-7.2216448,-35.8868601
RUA DAS UMBURANAS,-7.2445951,-35.9262148
RUA APRÍGIO PEREIRA NEPOMUCENO,-7.243501,-35.8954198
RUA JOSÉ SEBASTIÃO DA SILVA,-7.2395701,-35.9023429
RUA OLGA AZEVEDO DE OLIVEIRA ,-7.2184111,-35.8621757
RUA APRÍGIO NEPOMUCENO,-7.243501,-35.8954198
RUA ESTELITA CRUZ,-7.215221,-35.8811836
RUA SANTA TEREZINHA,-7.2091422,-35.9363779
RUA CLÁUDIO BEZERRA DE LIMA ,-7.2556841,-35.9253763
RUA SOUZA,-7.2349973,-35.9297365
RUA APRIGIO VELOSO ,-7.2217283,-35.9163941
RUA ODOM BEZERRA,-7.2363284,-35.8964264
RUA SANTO ANTÔNIO,-7.2175764,-35.8716472
RUA JOSE DE ALENCAR,-7.220746,-35.901981
RUA AMÉLIA VIEIRA,-7.2294633,-35.8711409
RUA CAMPOS SALES ,-7.2257831,-35.8724315
"RUA MARIA DO SOCORRO TARGINO DE ARAUJO, 192",-7.2223667,-35.8734667
RUA SANTARÉM,-7.2312997,-35.9294593
"RUA SANTA CECILIA, 409",-7.2152951,-35.8730358
RUA ISOLDA BARROS TORQUARTO,-7.226792,-35.9162098
RUA OTACÍLIO NEPOMUCENO ,-7.2338966,-35.8729918
RUA MANOEL HENRIQUES FRANÇA ,-7.2418339,-35.9091192
RUA MANOEL ALVES DE OLIVEIRA,-7.250944,-35.8860939
AVENIDA MARECHAL FLORIANO PEIXOTO,-7.2352697,-35.918718
AVENIDA MANOEL TAVAREZ,-7.2016942,-35.8763767
AVENIDA FLORIANO PEIXOTO ,-7.2146094,-35.8733014
AVENIDA JUSCELINO KUBITSCHECK,-7.25708,-35.9097373
RUA PREFEITO ERNANE LAURITZEN,-7.2157043,-35.8818101
RUA JOSÉ SILVESTRE SOARES,-7.2083291,-35.8715994
RUA FRANCISCO LOPES DE ALMEIDA,-7.2509654,-35.9273498
RUA MANUEL TAVARES,-7.2016942,-35.8763767
RUA DANIEL LUIZ RODRIGUES,-7.27564,-35.9140711
RUA NILO PEÇANHA,-7.2221612,-35.8960666
RUA SEVERINA MOREIRA PINTO,-7.2490335,-35.8697199
RUA ANTÔNIO JOSÉ SANTIAGO,-7.2242125,-35.9117768
RUA JOSÉ HONÓRIO DA SILVA,-7.2223667,-35.8734667
RUA 15 DE NOVEMBRO ,-7.1986848,-35.8959945
RUA RUBENS SALDANHA,-7.2314698,-35.8699714
RUA SEVERINO PIMENTEL  463,-7.2382857,-35.8942203
RUA CARLOS FORMIGA PEREIRA,-7.2424087,-35.9276399
RUA JOÃO HENRIQUE PEREIRA LEITE,-7.2429264,-35.9186067
RUA GONÇALVES DIAS,-7.2186207,-35.8481398
AVENIDA DR. ELPÍDIO DE ALMEIDA,-7.2275983,-35.877002
RUA RODRIGUES ALVES,-7.219792,-35.8982818
AV. DINAMÉRICA ,-7.2339942,-35.9105869
RUA JOSEFA VIEIRA BARBOSA ,-7.2223667,-35.8734667
AVENIDA CANAL,-7.2283635,-35.8791107
TRAVESSA SETE DE SETEMBRO,-20.3494299,-40.3838763
RUA VIRGULINO DE ARAUJO,-7.2212303,-35.9181248
RUA PATOS 45,-7.2347813,-35.9275642
ORDENEI TROVÃO DE MELO,-7.2223667,-35.8734667
RUA RIACHUELO,-7.2457404,-35.8923826
AV ALMIRANTE BARROSSO,-7.23547,-35.8962185
RUA ASSIS CHATEUBRIAND,-7.3389658,-35.8989185
RUA CAMPOS SALES,-7.2257831,-35.8724315
RUA MOSSORÓ,-7.2337762,-35.9257241
RUA SINHAZINHA DE OLIVEIRA,-7.2110426,-35.8964825
RUA MARECHAL CANDIDO RONDOR,-7.2223667,-35.8734667
RUA ISOLDA BARROS TORQUATO,-7.2223667,-35.8734667
AVENIDA MARECHAL FLORIANO PEIXOTO,-7.2352697,-35.918718
RUA EDÉSIO SILVA,-7.2415243,-35.8923018
VICENTE GOMES DE ALMEIDA,-7.2139995,-35.9252924
RUA ESTILATE LEAL,-7.2082489,-35.881562
RUA MAMEDE MOISÉS RAIA,-7.2196143,-35.8680883
MANOEL TAVARES,-7.2016942,-35.8763767
OTÁVIO BATISTA CABRAL 616,-7.2540159,-35.9211285
"RUA JUVINO SOBREIRA DE CARVALHO, 996",-7.2484136,-35.8953757
RUA ZERIFE ABRANHÃO ÁRABE,-7.2459922,-35.9186607
AVENIDA JOAQUIM CAROCA,-7.2195339,-35.9136074
TRAVESSA SÃO PEDRO ,-7.2362993,-35.9082058
RUA FREI CANECA,-7.2234394,-35.8865472
RUA RAIMUNDO DA SILVA RIBEIRO,-7.2566745,-35.8902845
"RUA ARNALDO DE ALBUQUERQUE, 396",-7.2118713,-35.8788889
AVENIDA MARECHAL FLORIANO PEIXOTO,-7.2352697,-35.918718
AVENIDA ASSIS CHATEAUBRIAND,-7.2410812,-35.888052
RUA APRÍGIO VELOSO,-7.2217283,-35.9163941
"RUA VEREADOR BENEDITO MOTA, 660",-7.2042314,-35.8816635
"RUA ARGENTINA,134",-7.2268053,-35.9022888
RUA JOAQUIM AMORIM,-7.2264095,-35.9222325
RUA CÔNEGO PEQUENO,-7.2192335,-35.9009865
RUA FLORIANO PEIXOTO,-7.2146094,-35.8733014
RUA ENGENHEIRO JOSÉ EMERSON,-7.2223667,-35.8734667
RUA ALCIDES AVELINO DE MEDEIROS ,-7.2483569,-35.9284381
RUA YOYÔ CAVALCANTE ,-7.2344216,-35.9054668
RUA OLEGÁRIO MACIEL,-7.1987196,-35.9159098
RUA ESPÍRITO SANTO,-7.2306975,-35.892817
AUGUSTO SANTIAGO 178,-7.2061298,-35.8771098
RUA DAMASCO,-7.2352333,-35.9049448
RUA ALBERTO SANTOS,-7.2403508,-35.912407
RUA QUEBRA QUILOS,-7.2211282,-35.8774007
AVENIDA UMBUZEIRO,-7.2485367,-35.923035
DINAMÉRICA,-7.2357006,-35.9138455
"RUA JOÃO ALMEIDA BASILIO, 19,",-7.2223667,-35.8734667
"R. HORACIO BATISTA CARNEIRO, 42",-7.2436467,-35.9172071
"R. COSTA SILVA, 877",-7.2375207,-35.9027904
RUA MACIEL PINHEIRO,-7.2179827,-35.883646
"ANTONIETA CAVALCANTI,176",-7.2112642,-35.9012957
"RUA PROFESSOR LUIS ANTONIO COUTINHO, 420 ",-7.2223667,-35.8734667
RUA DOUTOR ACÁCIO FIGUEIREDO ,-7.267808,-35.9189876
RUA GENARO CAVALCANTE QUEIRÓS,-7.2013571,-35.882807
"R. AFONSO CAMPOS, 183",-7.219287,-35.881326
AVENIDA AMAZONAS,-7.2396624,-35.893326
RUA PAULINO RAPOSO,-7.2241471,-35.8885111
"RUA JOÃO HONORIO DE MELO, 892",-7.2223667,-35.8734667
RUA SERGIPE,-7.2554797,-35.8890108
RUA ACRE,-7.2372812,-35.8919876
RUA ISOLDA BARROS TORQUATO,-7.2223667,-35.8734667
RUA JOÃO PESSOA,-7.245857,-35.8778745
RUA SANTA RITA,-7.2311221,-35.8981787
RUA PEDRO I,-7.2354102,-35.8886921
RUA JOSÉ MAURÍCIO DE SOUSA,-7.2223667,-35.8734667
RUA ANTÔNIO RODRIGUES ALVES,-7.2336021,-35.9341271
RUA JOSÉ DO Ó,-7.2109309,-35.8810669
RUA JOSÉ INÁCIO DA SILVA,-7.2321703,-35.874501
RUA ESTELITA CRUZ N 307,-7.2123626,-35.880465
"RUA DOS AVELOZES, 11",-7.2405835,-35.9230276
RUA ISAAC CATÃO,-7.2494611,-35.8987943
JUSCELINO KUBSTCHECK,-7.25708,-35.9097373
"R. MARQUES DO HERVAL, S/N",-7.2186352,-35.8850358
JURACY PALHANO ,-7.2223667,-35.8734667
RUA TOMÁS SOARES DE SOUZA,-7.2310199,-35.8818576
AV. VIGÁRIO CALIXTO,-7.2563153,-35.8787877
RUA CLAUDINO GABINO DE OLIVEIRA,-7.2223667,-35.8734667
RUA PAPA JOÃO PAULO I,-7.2178632,-35.8591115
RUA SANTO ANTONIO N 120,-7.2179372,-35.8745893
RUA ALMEIDA BARRETO,-7.2294646,-35.9110185
RUA ANACLETO ELÓI,-7.2333814,-35.8992664
RUA MANOEL FRANCISCO MENDES,-7.2249637,-35.9231378
RUA VIGÁRIO CALIXTO,-7.2563153,-35.8787877
RUA JOSÉ MARTINS DE ANDRADE,-7.2223667,-35.8734667
AVENIDA SENADOR ARGEMIRO DE FIGUEIREDO,-7.2562151,-35.8767548
RUA ANTONIO PEREIRA FURTUOSO,-7.256418,-35.9065424
RUA NATANALE BELO,-7.2144979,-35.9016135
"RUA VIGOLVINO VANDERLEI, 550",-7.2123699,-35.8840463
RUA FLORIANÓPOLIS,-7.2492752,-35.9191912
RUA DOUTOR JOÃO CARIRI,-7.2505882,-35.9038059
AVENIDA JOÃO WALIG,-7.2561391,-35.8765217
RUA MIGUEL COUTO,-7.2235857,-35.8839771
"RUA JOÃO ARLINDO CORREIA, 59",-7.2223667,-35.8734667
RUA ESTELITA CRUZ,-7.215221,-35.8811836
RUA PARAÍBA,-7.2333244,-35.8877546
RUA ASCENDINO TOSCANO BRITO ,-7.2520968,-35.9093615
RUA FREI CANECA,-7.2234394,-35.8865472
"RUA: JOARES MACEDO DA SILVA, 25A - JD. VERDEJANTE",-7.2223667,-35.8734667
"RUA JOSÉ ARAÚJO FREIRE, 440",-7.2532697,-35.9120857
RUA LADISLAU RODRIGUES DE SOUSA,-7.2223667,-35.8734667
RUA VIGÁRIO CALIXTO,-7.2563153,-35.8787877
RUA DOS FACHEIROS,-7.2463639,-35.9217623
RUA ENGENHEIRO LOURIVAL ANDRADE,-7.2245022,-35.9147951
RUA ILHÉUS,-7.2340094,-35.9270398
RUA MANOEL BARROS DE OLIVEIRA,-7.2201785,-35.9104035
RUA RODRIGUES ALVES,-7.219792,-35.8982818
RUA MANOEL AIRES DE QUEIRÓS,-7.2426062,-35.9189506
DOUTOR FRANCISCO LIMA NETO N 201,-7.2198245,-35.9098367
OLIVIA PEDRO DO SANTOS ,-7.2223667,-35.8734667
RUA NORBERTO LEAL,-7.2077089,-35.8802096
RUA ESPIRITO SANTO,-7.2306975,-35.892817
RUA SAO PEDRO,-7.2386737,-35.9083258
RUA DUQUE DE CAXIAS,-7.2225536,-35.8977286
RUA QUINZE DE NOVEMBRO,-7.1986848,-35.8959945
RUA ALMEIDA BARRETO,-7.2294646,-35.9110185
RUA EDUARDO FERREIRA RAMOS,-7.217929,-35.9251718
RUA JOSÉ MOISÉS MEDEIROS NETO,-7.232551,-35.9225071
AVENIDA CANAL,-7.2283635,-35.8791107
RUA BARAO DA PASSAGEM,-7.2381156,-35.8770591
RUA ALMANI JOSÉ TAVARES DE MELO,-7.2248395,-35.9304904
RUA FRANCISCO ERNESTO DO REGO,-7.247401,-35.8977479
RUA MARECHAL RONDON,-7.2052211,-35.8831671
RUA JOSÉ HENRIQUE SOUTO,-7.2223667,-35.8734667
RUA ANTONIO LUCAS DE CARVALHO,-7.2223667,-35.8734667
RUA QUINZE DE NOVEMBRO,-7.1986848,-35.8959945
RUA MANOEL SALES,-7.2276901,-35.9033921
RUA CASSIANO PEREIRA,-7.2465473,-35.8947422
"RUA SANTO ANTONIO, 912",-7.2171579,-35.8674739
AV. TAVARES ,-7.2091773,-35.8698765
RUA SANTO ANTONIO,-7.2175764,-35.8716472
RUA RITA PEREIRA DE ARAÚJO,-7.2210294,-35.9201042
"RUA RAIMUNDO NONATO, 680",-7.2316124,-35.8714328
RUA PROFESSORA EUTÉCIA VITAL RIBEIRO,-7.2399133,-35.8721945
RUA PRESIDENTE NILO PEÇANHA ,-7.2221612,-35.8960666
AVENIDA JUVÊNCIO ARRUDA,-7.2086371,-35.9230157
RUA PEDRO II,-7.2355123,-35.8886827
RUA VENANCIO NEIVA,-7.21816,-35.8845104
AVENIDA MANOEL TAVARES S/N,-7.2016942,-35.8763767
RUA BARÃO DO ABIAÍ,-7.2164281,-35.8845929
15 DE NOVEMBRO,-7.1986848,-35.8959945
RUA ODON SEVERIANO DE SOUZA ,-7.2223667,-35.8734667
"RUA DENISE ALVES DE MEDEIROS, 180",-7.2415337,-35.8778377
RUA MANOEL ADOLFO DA COSTA,-7.2486639,-35.9041712
RUA ACRE,-7.2372812,-35.8919876
RUA PRESIDENTE EPITÁCIO PESSOA,-7.2146732,-35.8879037
RUA FRANCISCO LOPES DE ALMEIDA,-7.2509654,-35.9273498
RUA RIO DE JANEIRO,-7.2324716,-35.8918351
RUA OURO BRANCO,-7.2124658,-35.8934889
"RUA VIGOLVINO VANDERLEI, 320",-7.2133055,-35.8845419
"AVENIDA ALMIRANTE BARROSO, 2071-",-7.2450538,-35.9053033
RUA GEOVANE G. GIÓIA,-7.2460493,-35.9025267
RUA SANTO ANTONIO,-7.2175764,-35.8716472
RUA COSTA E SILVA,-7.2365463,-35.9028056
RUA FREIRA FRANCISCA GUSMÃO,-7.228199,-35.9189281
RUA JOÃO JULIÃO MARTINS,-7.2190748,-35.9080713
RUA AFONSO CAMPOS,-7.2193398,-35.8816382
AVENIDA DR. ELPÍDIO DE ALMEIDA,-7.2275983,-35.877002
RUA APRIGIO NEPOMUCENO,-7.243501,-35.8954198
RUA MARGARIDA MARIA ALVES,-7.2423954,-35.9169191
RUA VILA NOVA DA RAINHA,-7.2210903,-35.8787309
"RUA DIONISIO MARQUES DE ALMEIDA, 160",-7.251588,-35.910413
AVENIDA CONSELHEIRO JOSEPH NOUJAIM HABIB MOUACAD,-7.2434304,-35.8841672
RUA JOIA BRITO DA SILVA ,-7.2223667,-35.8734667
RUA JOAO CLEMENTE DOS SANTOS,-7.2223667,-35.8734667
RUA GUILHERMINO DE SOUSA,-7.276175,-35.9250385
RUA MARQUES DO HERVAL,-7.2186352,-35.8850358
RUA DOS FACHEIROS,-7.2463639,-35.9217623
RUA ESTÁCIO DE SÁ,-7.2234655,-35.8726491
RUA VIGÁRIO CALIXTO,-7.2563153,-35.8787877
RUA ODOM BEZERRA ,-7.2363284,-35.8964264
ALMIRANTE BARROSO ,-7.23547,-35.8962185
RUA NILO PEÇANHA,-7.2221612,-35.8960666
RUA GILBERTO PEREIRA,-7.2349147,-35.8928853
"RUA TV TEOTÔNIO INÁCIO DE SOUSA, Nº 172",-7.2223667,-35.8734667
"RUA NEY CÂMARA, Nº 40",-7.2354536,-35.9096524
RUA JERICÓ,-7.2360622,-35.9065538
"RUA ANTONIO MARIO,19",-7.2218091,-35.9105304
RUA PROBO CÂMARA,-7.2059804,-35.8962939
RUA MARIA BARBOSA DE ALBUQUERQUE,-7.2321966,-35.9232224
RUA MANOEL DO O. JÚNIOR,-7.2451072,-35.8998723
RUA ANTÔNIO B PASSOS,-7.2477023,-35.9074182
AVENIDA DINAMÉRICA ALVES CORRÊA,-7.2339942,-35.9105869
"RUA TRANQÜILINO COELHO LEMOS, 596",-7.2382309,-35.9176993
RUA MARGARIDA MARIA ALVES,-7.2423954,-35.9169191
RUA GUSTAVO TEIXEIRA VILARIM,-7.2223667,-35.8734667
RUA MARIA DO CARMO DE OLIVEIRA,-7.2506149,-35.9262416
RUA VENANCIO NEIVA,-7.21816,-35.8845104
AVENIDA ASSIS CHATEAUBRIAND,-7.2410812,-35.888052
RUA AFONSO CAMPOS,-7.2193398,-35.8816382
RUA ALVUNIRA PALHETA,-7.2223667,-35.8734667
RUA ZÉZINHO UCHÔA,-7.2461142,-35.9031862
RUA JOÃO HENRIQUE PEREIRA LEITE,-7.2429264,-35.9186067
RUA MARIA ANUNCIADA SENA SANTOS,-7.2223667,-35.8734667
AVENIDA DOUTOR FRANCISCO PINTO,-7.2068094,-35.90913
RUA JOSÉ DE PAIVA MAIA,-7.2438841,-35.9240234
RUA LENISE ALVES MEDEIROS,-7.2478254,-35.8784312
RUA VICENTE GOMES ALMEIDA,-7.2139995,-35.9252924
RUA PENEDO,-7.2335085,-35.9270029
"CONJUNTO RONALDO CUNHA LIMA ,QUADRA I, LOTE 5",-7.2223667,-35.8734667
RUA OURO BRANCO,-7.2124658,-35.8934889
AVENIDA JOÃO WALLIG,-7.2223667,-35.8734667
RUA JOÃO NUNES DE FIGUEIREDO,-7.2378315,-35.9008778
RUA JOSÉ VIEIRA DE SOUSA,-7.2223667,-35.8734667
RUA JOSEBIAS VIEIRA DE FARIAS,-7.2522543,-35.9250178
RUA CELESTINO BERNARDO,-7.2390975,-35.8991269
RUA EVARISTO PEREIRA DA COSTA,-7.2085146,-35.8892142
"RUA DOUTOR VASCONCELOS,419",-7.2085299,-35.8822066
RUA D. PEDRO II,-7.2242362,-35.8912431
RUA PROFESSORA MARIA AUGUSTA MENDONÇA,-7.2315441,-35.9224193
RUA MARINHEIRA AGRA ,-7.2237939,-35.8708945
RUA DENISE ALVES DE MEDEIROS,-7.2415855,-35.8764867
AVENIDA MARECHAL FLORIANO PEIXOTO,-7.2352697,-35.918718
RUA EDÉSIO SILVA,-7.2415243,-35.8923018
AVENIDA BARÃO RIO BRANCO,-7.2179285,-35.8950022
"RUA: GAMA QUATRO, 4932",-7.3394635,-35.9010673
RUA SÃO PAULO,-7.233188,-35.8902239
RUA AFONSO CAMPOS,-7.2193398,-35.8816382
AVENIDA MARECHAL FLORIANO PEIXOTO,-7.2352697,-35.918718
ESTABELECIMENTO GILBERTO VEICULOS ,-7.2223667,-35.8734667
AVENIDA PRESIDENTE JOÃO PESSOA,-7.2173955,-35.8858229
RUA ANA DE AZEVEDO,-7.2100268,-35.8945235
RUA PARAÍBA,-7.2333244,-35.8877546
RUA MINAS GERAIS,-7.2294948,-35.8907541
RUA JUVINO SOBREIRA DE CARVALHO,-7.2452594,-35.89556
RUA ANTÔNIO SOARES FILHO,-7.227548,-35.9043702
RUA JOÃO BEZERRA PAZ,-7.2436539,-35.8852053
AVENIDA ASSIS CHATEAUBRIAND,-7.2410812,-35.888052
RUA EPAMINONDAS MACAXEIRA,-7.2092905,-35.8718045
AV. JUSCELINO KUBITSCHEK,-7.25708,-35.9097373
RUA CARLOS ALBERTO DE SOUSA,-7.2199997,-35.9153527
RUA APRÍGIO VELOSO,-7.2217283,-35.9163941
RUA JOÃO PESSOA ,-7.245857,-35.8778745
RUA BRÁULIO ARAÚJO GUSMÃO,-7.2586842,-35.9023882
"AVENIDA DOUTOR FRANCISCO PINTO, 317",-7.2065087,-35.9086414
RUA TRANQÜILINO COELHO LEMOS,-7.2371684,-35.9179367
AVENIDA ALMIRANTE BARROSO,-7.23547,-35.8962185
RUA HORÁCIO DE SOUZA CAVALCANTE,-7.2220825,-35.8646127
RUA JOSÉ FERNANDES MOSCOSO,-7.2335088,-35.9336665
RUA AGAMENON MAGALHÃES,-7.2112966,-35.8811609
RUA JOSE DE ALENCAR,-7.220746,-35.901981
RUA ADEMIR IRINEU FREIRE ,-7.2223667,-35.8734667
RUA DOUTOR SEVERINO CRUZ,-7.2250564,-35.8816899
AVENIDA DOM PEDRO II,-7.2187447,-35.8960187
AVENIDA ASSIS CHATEAUBRIAND,-7.2410812,-35.888052
RUA MARIA BARBOSA DE ALBUQUERQUE ,-7.2321966,-35.9232224
RUA MARIA EVA MOURA,-7.2529366,-35.9234612
RUA MARCOS DA SILVA SANTOS,-7.2287059,-35.9167164
RUA JOSELITA REIS BRASILEIRO,-7.2335469,-35.881688
RUA JORN EVANDRO BARROS,-7.2291879,-35.9306578
RUA SANTO ANTÔNIO,-7.2175764,-35.8716472
RUA FERNANDO BARBOSA DE MELO,-7.2414344,-35.8806268
RUA MARIA JOSÉ DE FARIAS N 389,-7.2513478,-35.899078
RUA MARIA DA GUIA MUNIZ ALBUQUERQUE ,-7.23559,-35.9312681
RUA DO SOL,-7.2331445,-35.9047539
AVENIDA JUSCELINO KUBITSCHECK,-7.25708,-35.9097373
AV MANOEL TAVARES,-7.2016942,-35.8763767
 RUA PRESIDENTE COSTA E SILVA ,-7.2365463,-35.9028056
RUA JOÃO GOMES,-7.2197269,-35.91679
AVENIDA PRESIDENTE GETÚLIO VARGAS,-7.2177546,-35.8916177
RUA OTACÍLIO NEPOMUCENO,-7.2338966,-35.8729918
RUA DOUTOR FRANCISCO BRASILEIRO,-7.2496543,-35.911931
AVENIDA JUSCELINO KUBTSCHEK,-7.2604071,-35.911586
RUA DAS UMBURANAS,-7.2445951,-35.9262148
RUA SERGIPE,-7.2554797,-35.8890108
RUA SÃO LUÍS,-7.2407499,-35.8622886
"RUA MONTEVIDEO, N 868",-7.2228468,-35.8989561
RUA RAIMUNDO ALVES DA SILVA ,-7.2146394,-35.8856608
AVENIDA DINAMERICA,-7.2339942,-35.9105869
RUA JOAQUIM DA SILVA ZECA,-7.2182324,-35.8714969
RUA JOAO WALLING,-7.2223667,-35.8734667
RUA IRINEU JOFILI,-7.2217097,-35.8843948
RUA MARIZETE PEDROSA DE ALBUQUERQUE,-7.2223667,-35.8734667
RUA DOS JUCÁIS,-7.2459335,-35.921945
"RUA RAIMUNDO ALVES DA SILVA, 289-401",-7.2145326,-35.8870018
RUA DOM PEDRO I,-7.2266612,-35.8927892
RUA ENFERMEIRA MARIA DE LOURDES SILVA,-7.2381701,-35.9014353
RUA RIACHUELO,-7.2457404,-35.8923826
RUA RODRIGUES ALVES,-7.219792,-35.8982818
RUA JOÃO MATIAS GUIMARÃES,-7.2223667,-35.8734667
RUA SAUL BEZERRA CARVALHO,-7.252566,-35.9141968
"SANTO ANTÔNIO, 912",-7.2171579,-35.8674739
RUA ALMEIDA BARRETO,-7.2294646,-35.9110185
RUA ALMIRANTE BARROSO.,-7.23547,-35.8962185
RUA DAMASCO,-7.2352333,-35.9049448
RUA FRANCISCO GUEDES MOURA ,-7.2457435,-35.8807602
RUA YAYÁ DE AZEVEDO DANTAS,-7.2192625,-35.8609958
RUA DOUTOR JOSÉ LUCAS GAUDÊNCIO,-7.2422276,-35.9074358
RUA CAPITÃO JOSÉ AMÂNCIO BARBOSA,-7.2264381,-35.8869911
RUA PAPA JOÃO 23,-7.2183385,-35.8603692
RUA SENADOR JOÃO CAVALCANTE ARRUDA,-7.2510877,-35.9112383
RUA HENRIQUE DIAS,-7.2053344,-35.88907
RUA JUSCELINO KUBSTCHECK,-7.25708,-35.9097373
RUA PROFESSOR BALBINO,-7.2055986,-35.894633
"RUA: ANTÔNIO RODRIGUES ALVES, 48",-7.2327823,-35.9342967
RUA ALICE DE OLIVEIRA GONZAGA,-7.2436954,-35.9148714
RUA: DOUTOR VASONCELOS,-7.1983681,-35.8783507
RUA CÍCERO ALVES BRITO,-7.2333246,-35.9308223
RUA GUARAPARI,-7.2323876,-35.9280772
"RUA: ROSA FARIAS DANTAS, 73",-7.2574132,-35.9011135
RUA FELIPE CAMARÃO ,-7.2252957,-35.8904021
"RUA EDWIRGENS PEREIRA DE ARAUJO, 85",-7.2223667,-35.8734667
RUA JOAQUIM FIRMINO ARAÚJO ,-7.2146039,-35.9031112
RUA SEVERINO PIMENTEL,-7.2416973,-35.8938156
RUA JOÃO SUASSUNA,-7.2134032,-35.89393
RUA SILVA JARDIM,-7.2274679,-35.8701935
RUA DOUTOR JOÃO MOURA,-7.2251882,-35.8882068
RUA ANTÔNIO TROVÃO DE MELO,-7.221462,-35.9110708
"RUA FLORÍPES COUTINHO, 822-880",-7.2225192,-35.9216023
RUA PADRE PEDRO SERRÃO,-7.2385524,-35.8926909
RUA SANTA CATARINA,-7.2429091,-35.8905571
RUA ENFERMEIRA MARIA DE LOURDES SILVA,-7.2381701,-35.9014353
RUA MANOEL ELIAS DE CASTRO,-7.2027714,-35.8825859
RUA FRACISCO LOPES DE ALMEIDA,-7.2509654,-35.9273498
"RUA AMILTON DE SOUSA NETO, 450",-7.2223667,-35.8734667
JUCELINO KUBTISCHECK,-7.25708,-35.9097373
RUA ARGENTINA,-7.2274673,-35.9023028
RUA JOSÉ MARTINS DE ANDRADE N 30 - VILA CABRAL DE SANTA ROSA,-7.2329369,-35.9070354
RUA SEBASTIÃO DONATO,-7.2242365,-35.8868904
RUA DESEMBARGARDOR ARQUIMEDES SOUTO MAIOR,-7.2114465,-35.8936247
"RUA ANTÔNIO BEZERRA PAZ, 124",-7.1998565,-35.881102
RUA DOS JUCÁIS ,-7.2459335,-35.921945
"RUA MONSENHOR JOSE COUTINHO,210",-7.2529968,-35.9145637
RUA ÍNDIOS CARIRIS,-7.2190937,-35.8891918
RUA OSVALDO CRUZ,-7.2256211,-35.9024741
RUA MANOEL LEONARDO GOMES,-7.2454219,-35.896887
RUA ARNALDO DE ALBUQUERQUE,-7.202409,-35.8767899
RUA EUCLIDES SEVERIANO,-7.2069524,-35.8910295
"RUA JOÃO FRANCISCO DA MOTA, Nº 292",-7.235621,-35.8830251
AVENIDA MARECHAL FLORIANO PEIXOTO,-7.2352697,-35.918718
RUA MARIA DA GUIA MUNIZ ALBUQUERQUE ,-7.23559,-35.9312681
"RUA SAMUEL SIMOES,439",-7.2223667,-35.8734667
RUA JOAO PESSOA ,-7.245857,-35.8778745
RUA PROFESSOR EMÍLIO ARAÚJO CHAVES,-7.2505233,-35.8842511
RUA MARCELINO PEREIRA DA COSTA,-7.2566532,-35.9050242
AVENIDA DINAMÉRICA ALVES CORRÊA,-7.2339942,-35.9105869
RUA CHILE,-7.2198744,-35.8649008
RUA DA POROROCA,-7.2223667,-35.8734667
RUA PROFESSOR ALMEIDA BARRETO,-7.2292954,-35.904865
AVENIDA JUVÊNCIO ARRUDA,-7.2086371,-35.9230157
RUA JOÃO JULIÃO MARTINS,-7.2190748,-35.9080713
"RUA FLORIANO, 75",-7.2360143,-35.9267849
AVENIDA DR. ELPÍDIO DE ALMEIDA,-7.2275983,-35.877002
RUA JOÃO VIRGÍNIO ARAÚJO,-7.217623,-35.9157647
RUA APRÍGIO PEREIRA NEPOMUCENO,-7.243501,-35.8954198
RUA SENADOR JOÃO CAVALCANTE ARRUDA,-7.2510877,-35.9112383
RUA ALFREDO ALVES ARAÚJO,-7.2412275,-35.9041761
RUA MANOEL FARIAS DA SILVA N 84,-7.2223667,-35.8734667
RUA MANOEL JOAQUIM RIBEIRO,-7.2203531,-35.9194517
RUA WILSON CÉSAR DE SOUZA,-7.2223667,-35.8734667
RUA DIOGO DA COSTA,-7.2116573,-35.9004942
AVENIDA MARECHAL FLORIANO PEIXOTO,-7.2352697,-35.918718
RUA VIGÁRIO VIRGÍNIO,-7.2163671,-35.8750987
RUA RIO DE JANEIRO,-7.2324716,-35.8918351
"AVENIDA CONSELHEIRO JOSEPH NOUJAIM HABIB MOUACAD, 975-1255",-7.2359563,-35.88392
RUA DOUTOR VASCONCELOS,-7.1983681,-35.8783507
RUA ZACARIAS DE SOUZA DO O,-7.2277308,-35.8954987
RUA ESTELITA CRUZ,-7.215221,-35.8811836
RUA DOUTOR FRANCISCO BRASILEIRO,-7.2496543,-35.911931
RUA EVARISTO PEREIRA DA COSTA,-7.2085146,-35.8892142
RUA MACIEL PINHEIRO,-7.2179827,-35.883646
"RUA ANTÔNIO JOAQUIM PEQUENO, 469-555",-7.2180646,-35.9095405
"RUA APRIGIO NEPOMUCENA , 155",-7.2428854,-35.8897804
PRAÇA CORONEL ANTÔNIO PESSOA ,-7.2223667,-35.8734667
RUA ANTÔNIO CIRILO GOMES ,-7.2526892,-35.903392
AVENIDA JUSCELINO KUBITSCHECK,-7.25708,-35.9097373
RUA DAS UMBURANAS,-7.2445951,-35.9262148
RUA JAMILA ABRAÃO JORGE,-7.2433129,-35.9233968
RUA LIZE KELI COSTA,-7.2223667,-35.8734667
RUA JUSCELINO KUBISTCHECK,-7.25708,-35.9097373
RUA PAULO AFONSO,-7.2275002,-35.9053953
RUA ESPÍRITO SANTO,-7.2306975,-35.892817
RUA EDÉSIO SILVA,-7.2415243,-35.8923018
AVENIDA JANÚNCIO FERREIRA,-7.2151451,-35.8811232
RUA PAULISTA,-7.2743345,-35.9309437
RUA ABDOM NAPI,-7.2532379,-35.9128409
RUA DEPUTADO ALVARO GALDENCIO,-7.2221843,-35.8802436
RUA PROFESSOR SEVERINO RAMOS,-7.2223667,-35.8734667
RUA MANOEL TAVARES,-7.2016942,-35.8763767
"RUA: EZEQUIAS TRAJANO, 258",-7.2305217,-35.920729
RUA ANTÔNIO JOAQUIM DE CARVALHO,-7.2447102,-35.9080866
RUA MINAS GERAIS,-7.2294948,-35.8907541
RUA JOSÉ FERNANDO MOSCOSO,-7.2223667,-35.8734667
RUA: LINDOLFO ALBUQUERQUE ,-7.2539382,-35.9195126
RUA JOSÉ FERNANDO MOSCOSO,-7.2223667,-35.8734667
RUA: NILO PEÇANHA,-7.2221612,-35.8960666
"RUA ODOM SEVERIANO DE SOUSA,569",-7.2223667,-35.8734667
RUA SEVERINO PEREIRA RODRIGUES,-7.2529968,-35.9145637
"RUA ELINALDO CAVALCANTE DE ALBUQUERQUE,59",-7.2223667,-35.8734667
RUA DOS XIQUE-XIQUE,-7.2449637,-35.9230978
"RUA JOSE BOCÃO, 928",-7.2223667,-35.8734667
AV. CANAL,-7.2283635,-35.8791107
RUA JAMILA ABRAÃO JORGE,-7.2433129,-35.9233968
RUA 3 IRMÃS,-7.2590698,-35.9176269
RUA MARCELINO PEREIRA DA ROCHA,-7.2223667,-35.8734667
RUA JOSÉ DE ALENCAR,-7.220746,-35.901981
RUA HERMENGARDA CÂMARA FIGUEIRAS DAMORIM,-7.2300609,-35.9329159
RUA VIANA- 418,-7.1940909,-35.8914824
RUA DOUTOR VENTURA ,-7.2522053,-35.8967086
RUA JOSEFA MARIA DE OLIVEIRA,-7.2328675,-35.9114345
RUA JOÃO VALDENIO ALVES,-7.2223667,-35.8734667
RUA JUSCELINO KUBITSCHECK,-7.25708,-35.9097373
RUA BENJAMIN CONSTANT,-7.2293732,-35.8839229
"CONJUNTO RONALDO CUNHA LIMA ,QUADRA 15 LOTE 28",-7.2223667,-35.8734667
FRANCISCO LOPES DE ALMEIDA,-7.2538492,-35.9471573
RUA DO SOL,-7.2331445,-35.9047539
RUA DIOGO DA COSTA,-7.2116573,-35.9004942
AVENIDA BARÃO RIO BRANCO,-7.2179285,-35.8950022
RUA TIRADENTES,-7.2222968,-35.8859775
AVENIDA FLORIANO PEIXOTO,-7.2146094,-35.8733014
RUA PROFESSOR CAPIBA,-7.2256898,-35.8959277
RUA PRESIDENTE COSTA E SILVA,-7.2365463,-35.9028056
RUA DOUTOR JOÃO CARIRI,-7.2505882,-35.9038059
RUA JOSÉ NOGUEIRA PEREIRA,-7.2507807,-35.9210378
RUA MAILTON PEREIRA FARIAS,-7.2239147,-35.915703
RUA VICENTE GOMES DE ALMEIDA,-7.2139995,-35.9252924
RUA SEVERINO PIMENTEL,-7.2416973,-35.8938156
RUA HENRIQUE DIAS,-7.2053344,-35.88907
RUA LUÍS MOTA,-7.2202634,-35.9239419
"RUA CORONEL SALVINO FIGUEIREDO, 251-475 ",-7.2231224,-35.8796804
RUA FRANCISCO LOPES DE ALMEIDA,-7.2509654,-35.9273498
RUA SÃO GERALDO,-7.2212286,-35.9060455
RUA JOSÉ BONIFÁCIO ,-7.2222549,-35.8811416
RUA ANTONIO RODRIGUES ALVES,-7.2336021,-35.9341271
"RUA ELPIDIO DE ALMEIDA, 245",-7.2281418,-35.8769636
RUA FLORIPEDES COUTINHO,-7.2219207,-35.9216233
FLORIANO PEIXOTO,-7.2146094,-35.8733014
RUA VIGÁRIO CALIXTO,-7.2563153,-35.8787877
RUA PEDRO II,-7.2355123,-35.8886827
RUA JOSÉ DO PATROCÍNIO,-7.2256524,-35.8893318
RUA GERALDO CAROLINO DE LIMA 49,-7.2223667,-35.8734667
RUA MARTINS JÚNIOR,-7.233135,-35.8896343
RUA APRÍGIO PEREIRA NEPOMUCENO,-7.243501,-35.8954198
RUA MINAS GERAIS,-7.2294948,-35.8907541
RUA MIGUEL COUTO,-7.2235857,-35.8839771
RUA ANACLETO ELÓI,-7.2333814,-35.8992664
RUA ANTÔNIO CIRILO GOMES,-7.2526892,-35.903392
AVENIDA CANAL,-7.2283635,-35.8791107
AVENIDA FLORIANO PEIXOTO,-7.2146094,-35.8733014
RUA DO SOL,-7.2331445,-35.9047539
RUA JOAQUIM FIRMINO ,-7.2146039,-35.9031112
"RUA NILO FERREIRA, CONJUNTO SEVERINO CABRAL, N 516",-7.2223667,-35.8734667
RUA ENGENHEIRO EDISON ALMEIDA BARRETO,-7.2223667,-35.8734667
RUA LINO GOMES DA SILVA,-7.2232328,-35.8896816
"RUA PROJETADA, 141",-7.152035,-35.8542622
RUA ANTONIO SERAFIM DA COSTA N 52,-7.2223667,-35.8734667
RUA CRISTINA PROCÓPIO DA SILVA,-7.2367717,-35.8822326
WILSON GONÇALVEZ DE OLIVEIRA,-7.2223667,-35.8734667
"RUA GETULIO CAVALCANTE, 728",-7.2424801,-35.8946275
RUA JUVINO SOBREIRA DE CARVALHO,-7.2452594,-35.89556
RUA LUÍS MOTA,-7.2202634,-35.9239419
RUA ADAUTO TRAVASSOS DE MOURA,-7.2037459,-35.8853294
RUA PRESIDENTE EPITÁCIO PESSOA,-7.2146732,-35.8879037
RUA DOUTOR SEVERINO CRUZ,-7.2250564,-35.8816899
RUA CAPITÃO JOSÉ AMÂNCIO BARBOSA,-7.2264381,-35.8869911
RUA ANTÔNIO JOAQUIM DE CARVALHO,-7.2447102,-35.9080866
AVENIDA DINAMÉRICA ALVES CORRÊA,-7.2339942,-35.9105869
RUA FRANCISCO LOPES DE ALMEIDA,-7.2509654,-35.9273498
AV. JUSCELINO KUBITSCHEK,-7.25708,-35.9097373
RUA RODRIGUES ALVES,-7.219792,-35.8982818
RUA DAMASCO,-7.2352333,-35.9049448
RUA JOÃO HENRIQUE PEREIRA LEITE MALVINAS,-7.2429264,-35.9186067
RUA ANTÔNIO BARBOSA DE MEDEIROS,-7.2430422,-35.9202872
RUA MANOEL DO O. JÚNIOR,-7.2451072,-35.8998723
RUA JOÃO PESSOA,-7.245857,-35.8778745
RUA TELMA AGRA VILARIM,-7.2519542,-35.9117996
RUA SANTA FÉ,-20.3626823,-40.3918999
RUA SEVERINO VERÔNICA ,-7.207473,-35.8869542
RUA ALICE ARAÚJO CRUZ,-7.2556841,-35.9253763
"RUA VIGÁRIO CALIXTO, Nº 1500.",-7.2406828,-35.8792735
RUA RODRIGUES ALVES,-7.219792,-35.8982818
RUA JOÃO QUIRINO,-7.2354335,-35.8827645
RUA LUÍS SODRÉ FILHO,-7.2441989,-35.8789807
RUA QUEBRA QUILOS,-7.2211282,-35.8774007
RUA PLÍNIO LEMOS,-7.2297637,-35.9258706
RUA MONTEIRO LOBATO,-7.2103599,-35.8804242
RUA ZACARIAS DE SOUZA DO O,-7.2277308,-35.8954987
RUA VIGÁRIO CALIXTO,-7.2563153,-35.8787877
TRAVESSA FRANCISCO AFONSO ALBUQUERQUE,-7.2086011,-35.8870209
RUA EDÉSIO SILVA,-7.2415243,-35.8923018
RUA DOUTOR JOÃO CARIRI,-7.2505882,-35.9038059
RUA PROJETADA S/N GENIPAPU,-7.2223667,-35.8734667
RUA VIDAL DE NEGREIROS,-7.2212168,-35.8826753
RUA MIGUEL COUTO,-7.2235857,-35.8839771
AVENIDA PROFESSOR ALMEIDA BARRETO,-7.2292954,-35.904865
"RUA JOÃO HENRIQUE PEREIRA LEITE, Nº 257",-7.2440933,-35.9200091
"DISTRITO DOS MECÂNICOS, RUA JOSÉ LUIZ GUIMARÂES, Nº11 A",-7.2223667,-35.8734667
RUA ANTENOR NAVARRO ,-7.2202454,-35.8941189
RUA DA UMBURANAS,-7.2445951,-35.9262148
RUA RIO GRANDE DO SUL,-7.2315723,-35.8921784
RUA CAMPO GRANDE,-7.1940602,-35.8796447
AVENIDA JUVÊNCIO ARRUDA ,-7.2086371,-35.9230157
RUA SEBASTIÃO DANTAS BEZERRA ,-7.2334227,-35.9332066
RUA PACÍFICO LICARIÃO DA TRINDADE,-7.2198289,-35.92153
NADIR SILVA DE MELO,-7.2223667,-35.8734667
RUA JOSÉ ZACARIAS DA COSTA,-7.2316367,-35.9229146
RUA ALBERTO SANTOS,-7.2403508,-35.912407
RUA ZACARIAS RIBEIRO DE VASCONCELOS,-7.254053,-35.9342226
RUA OTAVIO BATISTA ,-7.2525237,-35.9215603
RUA DAS OITICICAS ,-7.2461039,-35.9240372
RUA QUINZE DE NOVEMBRO,-7.1986848,-35.8959945
AVENIDA ALMEIDA BARRETO,-7.2290245,-35.8966675
RUA: AVENIDA BRASÍLIA,-7.24026,-35.8636537
"RUA DO SOL, 197 / CRUZAMENTO COM A CÔNEGO JOÃO BORGES",-7.2223667,-35.8734667
RUA DAMASCO,-7.2352333,-35.9049448
RUA MARCÍLIO DIAS ,-7.2183977,-35.8773161
RUA: FLORIANO PEIXOTO,-7.2146094,-35.8733014
AV. CANAL,-7.2283635,-35.8791107
RUA GILSON BEZERRA DE SOUZA Nº 209,-7.2497047,-35.9263116
RUA PEDRO VITOR Nº81,-7.2223667,-35.8734667
RUA COREMAS ,-7.2317842,-35.8785139
"RUA 15 DE NOVEMBRO, SN.",-7.2223667,-35.8734667
RUA DOUTOR VASCONCELOS,-7.1983681,-35.8783507
"RUA: NEI CÂMARA, 55",-7.2355882,-35.9096213
RUA SEMEÃO LEAL,-7.2183242,-35.8833199
AVENIDA FLORIANO PEIXOTO,-7.2146094,-35.8733014
RUA PORTO ALEGRE,-7.2489518,-35.919578
RUA REVERENDO AUGUSTO SANTIAGO,-7.2223667,-35.8734667
RUA JOÃO JULIÃO MARTINS,-7.2190748,-35.9080713
RUA CARLOS FORMIGA PEREIRA,-7.2424087,-35.9276399
RUA ODON BEZERRA,-7.2363284,-35.8964264
RUA VIGÁRIO CALIXTO,-7.2563153,-35.8787877
"RUA ALCIDES CARNEIRO,N, 809",-7.2223667,-35.8734667
RUA MANOEL TAVARES,-7.2016942,-35.8763767
RUA JOSÉ GONÇALVES LUCENA,-7.2439938,-35.901272
RUA DA REPÚBLICA,-7.2302734,-35.9005177
RUA JOSÉ DO O,-7.2109309,-35.8810669
RUA JOÃO DA CUNHA LIMA,-7.2533869,-35.9150606
TRAV CECÍLIA NUNES DE OLIVEIRA,-7.2223667,-35.8734667
RUA DOUTOR FLORIANO MENDES FREIRE,-7.2516105,-35.9038887
RUA ESPÍRITO SANTO,-7.2306975,-35.892817
DINAMERICA,-7.2357006,-35.9138455
RUA OLEGÁRIO MACIEL,-7.1987196,-35.9159098
"RUA ERASMO CABRAL DE AQUINO, N 15",-7.2223667,-35.8734667
RUA FREI CANECA S/N,-7.2234394,-35.8865472
RUA QUINZE DE NOVEMBRO ,-7.1986848,-35.8959945
RUA MARIA BARBOSA DE ALBUQUERQUE ,-7.2321966,-35.9232224
RUA CASTRO ALVES ,-7.225329,-35.8692376
AVENIDA JUSCELINO KUBITSCHECK,-7.25708,-35.9097373
RUA RAIMUNDO RAZ FORA Nº 1000,-7.2226085,-35.9047724
TRAVESSA 9 DE DEZEMBRO,-7.232427,-35.8792299
AVENIDA ASSIS CHATEAUBRIAND,-7.2410812,-35.888052
RUA DAS CAMBEBAS ,-7.2394497,-35.9241688
RUA CAMPO SALES,-7.2223667,-35.8734667
AVENIDA CANAL,-7.2283635,-35.8791107
RUA NAPOLEÃO LAUREANO,-7.2110008,-35.8822814
RUA PADRE ARISTIDES LOBO,-7.2270649,-35.8906595
RUA MARIA DAS MERCÊS RODRIGUES,-7.2543078,-35.9106384
RUA AFONSO CAMPOS ,-7.2193398,-35.8816382
RUA MARTINS JÚNIOR ,-7.233135,-35.8896343
RUA JOÃO LÉLIS,-7.2326387,-35.8762613
RUA APRIGIO NEPUMUCENO ,-7.243501,-35.8954198
RUA ARNALDO DE ALBUQUERQUE,-7.202409,-35.8767899
RUA JOÃO SUASSUNA,-7.2134032,-35.89393
RUA ANTENOR NAVARRO,-7.2202454,-35.8941189
RUA BRUXELAS,-7.187413,-35.9042682
RUA FERNANDES VIÊIRA ,-7.2342495,-35.8586875
RUA QUEBRA QUILOS.,-7.2211282,-35.8774007
"RUA: EDESIO SILVA, 1209",-7.2443912,-35.8919323
"RUA CONEGO JOÃO BORGES,   253",-7.233903,-35.8976035
AVENIDA JOAQUIM CAROCA,-7.2195339,-35.9136074
RUA: JOSÉ FIRMINO,-7.2533384,-35.8945744
RUA JOSE MARINHO FALCÃO,-7.2127019,-35.9235229
RUA DA PRAÇA DA BANDEIRA ,-7.2195995,-35.8849528
"RUA: ESTILAC LEAL, 945",-7.2089948,-35.8787412
RUA MONTEVIDÉU,-7.2199459,-35.898276
AVENIDA JOÃO WALIG,-7.2561391,-35.8765217
RUA CORONEL EUFRÁSIO CÂMARA,-7.2133567,-35.8999208
RUA JOSÉ FÉLIX DA SILVA,-7.2512097,-35.8827777
RUA DA REPÚBLICA,-7.2302734,-35.9005177
AVENIDA ALMEIDA BARRETO,-7.2290245,-35.8966675
RUA EDGAR BARBOSA COSTA,-7.226854,-35.9381856
RUA LUXEMBURGOS,-7.1900562,-35.9009277
RUA EDUARDO FERREIRA RAMOS,-7.217929,-35.9251718
RUA JOÃO DA CUNHA LIMA,-7.2533869,-35.9150606
RUA LEONZIO MARTINS LEITE,-7.2223667,-35.8734667
RUA MARQUÊS DO HERVAL,-7.2186352,-35.8850358
RUA OLIVIA CATÃO DE LUCENA,-7.2223667,-35.8734667
RUA MILTON XAVIER DE LIMA,-7.2545197,-35.9063496
RUA FREI CANECA,-7.2234394,-35.8865472
RUA SANTA RITA,-7.2311221,-35.8981787
RUA MANOEL TAVARES,-7.2016942,-35.8763767
RUA DAMIÃO JOSÉ RODRIGUES,-7.2210328,-35.9207898
"RUA: FRANCISCO LOPES DE ALMEIDA, 8",-7.252123,-35.9341887
RUA GETÚLIO CAVALCANTE,-7.2451148,-35.8942268
AVENIDA DAS NAÇÕES,-7.1884014,-35.8813203
RUA SEVERINO PIMENTEL,-7.2416973,-35.8938156
RUA FLORÍPES COUTINHO ,-7.2219207,-35.9216233
RUA FRANCISCO LOPES,-7.2275107,-35.9012895
AVENIDA FLORIANO PEIXOTO,-7.2146094,-35.8733014
RUA D. PEDRO II ,-7.2242362,-35.8912431
RUA SEVERINO CABRAL Nº 277,-7.234837,-35.8913532
RUA GLÁUBER A. GUIMARÃES,-7.2267784,-35.9191716
AVENIDA MARECHAL FLORIANO PEIXOTO,-7.2352697,-35.918718
RUA MANOEL TAVARES ,-7.2016942,-35.8763767
RUA SÃO FRANCISCO DE ASSIS ,-7.2134131,-35.8871734
RUA EDUARDO FERREIRA RAMOS,-7.217929,-35.9251718
RUA MIGUEL COUTO,-7.2235857,-35.8839771
RUA SANTA CATARINA,-7.2429091,-35.8905571
RUA MOISÉS SILVA VENTURA ,-7.2334598,-35.9312558
RUA RIO GRANDE DO SUL,-7.2315723,-35.8921784
"RUA TRES IRMAS,270",-7.2478204,-35.9125743
"BR-104, 2066",-7.2252106,-35.8770047
RUA VITÓRINA B DE OLIVEIRA,-7.2293822,-35.9202242
"RUA NAPOLEÃO LAUREANO, 441",-7.2105307,-35.8821775
"RUA PAULO DE FRONTIN, 230",-7.2271311,-35.8809973
RUA EDÉSIO SILVA,-7.2415243,-35.8923018
RUA GENERINO MACIEL,-7.2322313,-35.8981365
RUA MIGUEL COUTO,-7.2235857,-35.8839771
RUA DO SOL,-7.2331445,-35.9047539
RUA JOSÉ DE ALENCAR,-7.220746,-35.901981
RUA SEVERINO HERMINIO DE CARVALHO,-7.227622,-35.9338638
AVENIDA DAS NAÇÕES,-7.1884014,-35.8813203
RUA VICENTE GOMES DE ALMEIDA ,-7.2139995,-35.9252924
RUA VIGÁRIO CALIXTO,-7.2563153,-35.8787877
RUA VIGÁRIO CALIXTO,-7.2563153,-35.8787877
RUA SILVA JARDIM,-7.2274679,-35.8701935
AV. FLORIANO PEIXOTO. ,-7.2146094,-35.8733014
RUA ANTÔNIO CIRILO GOMES,-7.2526892,-35.903392
RUA ANTÔNIO FIGUEIREDO AGRA,-7.2525188,-35.9004089
RUA FRANCISCO LOPES DE ALMEIDA,-7.2509654,-35.9273498
"RUA ANTONIO CAMPOS N, 33",-7.2119322,-35.8828475
AVENIDA DAS NAÇÕES,-7.1884014,-35.8813203
RUA ANTONIO AMILCAR DE ALMEIDA,-7.2412388,-35.9036209
QUADRA 09 LOTE 13 CONJUNTO TRÊS IRMAS,-7.2463018,-35.9107137
RUA VEREADOR BENEDITO MOTA,-7.2072556,-35.8826059
"RUA SALVINO DE OLIVEIRA NETO, 640 ",-7.2121132,-35.8732516
RUA ARNALDO DE ALBUQUERQUE,-7.202409,-35.8767899
RUA ANTONIO CHAGAS DE ARAUJO,-7.2223667,-35.8734667
RUA DOUTOR FRANCISCO PINTO OLIVEIRA,-7.2049419,-35.9074687
RUA JOSÉ ALENCAR,-7.2182602,-35.9162709
RUA NATALÍCIA RAMOS VIERA ,-7.2223667,-35.8734667
RUA GABRIEL CHABO,-7.2507437,-35.8952592
RUA PLÍNIO LEMOS,-7.2297637,-35.9258706
RUA FRANKLIN ARAUJO,-7.2104718,-35.8769168
RUA NILO PEÇANHA,-7.2221612,-35.8960666
AV. DAS NAÇÕES,-7.1884014,-35.8813203
RUA JOSÉ GONDIN,-7.2099112,-35.8866939
"RUA COSTA E SILVA, 106",-7.2440547,-35.8530181
RUA DAS UMBURANAS,-7.2445951,-35.9262148
"RUA WILSON CESAR, 142",-7.2223667,-35.8734667
RUA RAIMUNDO ALVES,-7.2146394,-35.8856608
RUA VILA NOVA DA RAINHA,-7.2210903,-35.8787309
RUA PROFESSOR MAURO LUNA,-7.2131395,-35.8862197
RUA DESEMBARGADOR TRINDADE,-7.2237799,-35.8840185
RUA DAS MALÍCIAS,-7.2223667,-35.8734667
RUA MANOEL TAVARES,-7.2016942,-35.8763767
RUA MANOEL TAVARES,-7.2016942,-35.8763767
RUA RODRIGUES ALVES,-7.219792,-35.8982818
RUA DOM PEDRO I,-7.2266612,-35.8927892
RUA GENERAL CANROBERT,-7.2223667,-35.8734667
ASSIS CHEUTUBRIAN,-7.2410812,-35.888052
AVENIDA JUSCELINO KUBITSCHECK,-7.25708,-35.9097373
"RUA: JOÃO FRANCISCO DA MOTA, 753A",-7.2343131,-35.8831256
RUA JOÃO QUIRINO,-7.2354335,-35.8827645
RUA APRÍGIO VELOSO ,-7.2217283,-35.9163941
RUA SANTA CATARINA,-7.2429091,-35.8905571
AVENIDA DINAMERICA,-7.2339942,-35.9105869
RUA FRANCISCO LOPES DE ALMEIDA,-7.2509654,-35.9273498
"RUA MANOEL TAVARES, 989",-7.2074522,-35.8755843
"RUA CARLOS FORMIGA PEREIRA, SN.",-7.2223667,-35.8734667
RUA APRIGIO NEPOMUCENO ,-7.243501,-35.8954198
RUA FRANCISCO LOPES DE ALMEIDA ,-7.2509654,-35.9273498
RUA PROFESSOR EMÍLIO ARAÚJO CHAVES,-7.2505233,-35.8842511
RUA APRÍGIO VELOSO,-7.2217283,-35.9163941
AVENIDA UMBUZEIRO,-7.2485367,-35.923035
RUA PROFESSOR ANTÔNIO OLIVEIRA,-7.2403621,-35.9123003
AVENIDA ALMIRANTE BARROSO,-7.23547,-35.8962185
RUA JOSÉ HONÓRIO DA SILVA,-7.2223667,-35.8734667
RUA APRÍGIO VELOSO,-7.2217283,-35.9163941
RUA MARCELINO PEREIRA DA COSTA,-7.2566532,-35.9050242
"RUA FLORIANO PEIXOTO, SN.",-7.2223667,-35.8734667
AVENIDA ASSIS CHATEAUBRIAND,-7.2410812,-35.888052
AVENIDA ALMIRANTE BARROSO,-7.23547,-35.8962185
AVENIDA FLORIANO PEIXOTO,-7.2146094,-35.8733014
"RUA FERNANDES VIEIRA, N 1261",-7.2301465,-35.8657015
R. PROF. CARLOS FRANCISCO MEDEIROS DE ALMEIDA,-7.2219067,-35.903044
RUA DO TAMBOR,-7.2535172,-35.8867207
ARIVALDO JOSÉ FRANCISCO ,-7.2223667,-35.8734667
RUA NELY VIEIRA LACERDA,-7.2223667,-35.8734667
RUA NAPOLEÃO LAUREANO,-7.2110008,-35.8822814
RUA MANOEL SÉRGIO OLIVEIRA,-7.2127957,-35.8868266
RUA APRÍGIO PEREIRA NEPOMUCENO,-7.243501,-35.8954198
RUA JAMILE ABRAO JORGE,-7.2433129,-35.9233968
RUA FRANCISCA MARIA DE OLIVEIRA,-7.2223667,-35.8734667
RUA FRANCISCO LOPES DE ALMEIDA,-7.2509654,-35.9273498
RUA LINO GALDINO DE ALMEIDA,-7.2432916,-35.8827867
RUA ADERALDO V. DINIZ,-7.2500564,-35.9053832
RUA JOSÉ NOGUEIRA PEREIRA,-7.2507807,-35.9210378
RUA DAS UMBURANAS,-7.2445951,-35.9262148
"RUA JOSE NOGUEIRA, S/N",-7.2507807,-35.9210378
RUA VENANCIO NEIVA,-7.21816,-35.8845104
RUA MANOEL ELIAS DE CASTRO,-7.2027714,-35.8825859
AVENIDA JOÃO VALING,-7.2223667,-35.8734667
RUA GETULIO CAVALCANTE,-7.2451148,-35.8942268
RUA PRESIDENTE JOÃO PESSOA,-7.2173955,-35.8858229
"RUA FLORIANO PEIXOTO, SN",-7.2223667,-35.8734667
RUA LINO GOMES FILHO,-7.2161618,-35.8661107
RUA ANTENOR NAVARRO-PRATA,-7.2178163,-35.8934283
FLORIANO PEIXOTO,-7.2146094,-35.8733014
RUA DAMASCO,-7.2352333,-35.9049448
RUA EUCLIDES SEVERIANO,-7.2069524,-35.8910295
RUA ARROJADO LISBOA,-7.2158521,-35.895439
AVENIDA DAS NAÇÕES,-7.1884014,-35.8813203
RUA MANOEL ALVES DE OLIVEIRA,-7.250944,-35.8860939
"AVENIDA JANÚNCIO FERREIRA, 612 ",-7.2156579,-35.8806869
RUA VIGÁRIO CALIXTO,-7.2563153,-35.8787877
RUA MINAS GERAIS,-7.2294948,-35.8907541
RUA JOSÉ SOARES DE SANTANA ,-7.248863,-35.8826889
"RUA TIBUNCIO BATISTA SILVA,86",-7.2223667,-35.8734667
RUA MANOEL TAVARES,-7.2016942,-35.8763767
RUA OLINDA,-7.2348169,-35.9265695
RUA DOS XIQUE-XIQUE,-7.2449637,-35.9230978
AVENIDA AMAZONAS,-7.2396624,-35.893326
AV. JUSCELINO KUTISCHEK,-7.2604071,-35.911586
RUA DOUTOR VASCONCELOS,-7.1983681,-35.8783507
AV. CANAL,-7.2283635,-35.8791107
AVENIDA FLORIANO PEIXOTO,-7.2146094,-35.8733014
RUA MARCÍLIO DIAS,-7.2183977,-35.8773161
RUA 15 DE NOVEMBRO,-7.1986848,-35.8959945
"RUA EMÍLIO ARAÚJO CHAVES N, 491",-7.2537056,-35.8837223
RUA RAIMUNDO NONATO DA NÓBREGA,-7.208511,-35.8977473
RUA JOANA DARC ARRUDA,-7.2227657,-35.872045
RUA OTÁVIO BATISTA CABRAL,-7.2525237,-35.9215603
RUA VENÂNCIO NEIVA,-7.21816,-35.8845104
AVENIDA DR. ELPÍDIO DE ALMEIDA,-7.2275983,-35.877002
