lat,lon,count,RUA
-7.2091422,-35.9363779,1,RUA SANTA TEREZINHA
-7.2510877,-35.9112383,2,RUA SENADOR JOÃO CAVALCANTE DE ARRUDA
-7.2219207,-35.9216233,4,RUA FLORIPEDES COUTINHO
-7.2223667,-35.8734667,2,RUA PROFESSORA JOANA DARC FERREIRA DE ARRUDA
-7.2316367,-35.9229146,1,RUA JOSE ZACARIAS COSTA
-7.2175764,-35.8716472,4,RUA SANTO ANTONIO 
-7.2383857,-35.8860420,4,RUA VINTE E QUATRO DE MAIO 
-7.2144979,-35.9016135,1,RUA NATANAEL BELO 
-7.2496734,-35.8736797,1,RUA DOUTOR PAULO RAMOS FIGUEIREDO 
-7.2439938,-35.9012720,1,RUA JOSÉ GONÇALVES LUCENA 
-7.2496543,-35.9119310,1,RUA FRANCISCO BRASILEIRO 
-7.2223667,-35.8734667,2,RUA PIRAMIDAL
-7.2174881,-35.8642014,1,RUA LEONTINA TAVARES
-7.2254436,-35.9019078,1,RUA TABERNACULO
-7.2358406,-35.9049719,1,RUA RODRIGUES DE FARIAS
-7.2161225,-35.8725912,1,RUA ARRUDA CAMARA 
-7.2223667,-35.8734667,1,RUA MARECHAL CANDIDO RONDON
-7.2302724,-35.8665364,1,RUA JOSÉ VIEIRA DE LIMA 
-7.2297637,-35.9258706,2,AVENIDA PLINIO LEMOS
-7.2315441,-35.9224193,1,RUA PROFESSORA MARIA AUGUSTA MENDONÇA
-7.2256524,-35.8893318,1,RUA JOSE DO PATROCINIO 
-7.2223667,-35.8734667,2,RUA ODON SEVERIANO DE SOUZA
-7.2180225,-35.9016593,1,RUA CAPITÃO JOÃO DE LIRA
-7.2112139,-35.9014601,3,RUA ANTONIETA CAVALCANTE 
-7.2579169,-35.8973755,1,RUA JOSE ALVES
-7.2564180,-35.9065424,1,RUA ANTONIO PEREIRA FRUTUOSO 
-7.2436279,-35.8790807,1,RUA MANOEL DE BARROS
-7.2339942,-35.9105869,2,RUA DINAMÉRICA ALVES CORREIA
-7.2223667,-35.8734667,1,RUA MANUEL RAIMUNDO DE SOUSA
-7.2223667,-35.8734667,1,AVENIDA ALÇA SUDOESTE
-7.2049197,-35.9192722,1,RUA EMILIANO ROSENDO DA SILVA
-7.2091422,-35.9363779,2,RUA SANTA TEREZINHA
-7.2264095,-35.9222325,1,RUA JOAQUIM AMORIM JÚNIOR
-7.2505233,-35.8842511,1,RUA PROFESSOR EMÍLIO ARAÚJO CHAVES
-7.2223667,-35.8734667,1,RUA MARIA ANDRADE DO NASCIMENTO
-7.2477834,-35.8833218,1,RUA AROLDO DO NASCIMENTO CABRAL
-7.1990918,-35.8822681,2,RUA EZEQUIEL RODRIGUES 
-7.2525188,-35.9004089,1,RUA ANTONIO FIGUEIREDO AGRA 
-7.2223667,-35.8734667,1,RUA HERMENGARDA CÂMARA FILGUEIRAS DAMORIM
-7.2217283,-35.9163941,1,RUA APRÍGIO VELOSO
-7.2100268,-35.8945235,1,RUA ANA DE AZEVEDO 
-7.2223667,-35.8734667,1,RUA WILSON CESAR DE SOUZA 
-7.2223667,-35.8734667,1,RUA OLEGÁRIO AZEVEDO 
-7.2175764,-35.8716472,18,RUA SANTO ANTONIO
-7.2221776,-35.9102052,2,RUA SÃO VICENTE
-7.2223667,-35.8734667,1,RUA INSPETOR PEDRO CORREIA
-7.2111244,-35.8866017,1,RUA SEVERINA MARIA DA CONCEIÇÃO 
-7.2324716,-35.8918351,5,RUA RIO DE JANEIRO
-7.2210328,-35.9207898,1,RUA DAMIAO JOSE RODRIGUES 
-7.2134607,-35.8856391,1,RUA DOMINGOS SARMENTO 
-7.2543078,-35.9106384,1,RUA MARIA DAS MECES RODRIGUES
-7.2027714,-35.8825859,1,RUA MANOEL ELIAS DE CASTRO 
-7.2737205,-35.9318405,1,TRAVESSA GOIANA 
-7.2511199,-35.9035761,1,RUA ABSALÃO EMERENCIANO 
-7.2223667,-35.8734667,1,RUA ARTHUR FREIRE DE FIGUEIREDO
-7.2183894,-35.8847321,1,RUA CARDOSO VIEIRA
-7.2230627,-35.9200239,3,RUA DOUTOR SEVERINO RIBEIRO CRUZ
-7.2699120,-35.8971647,2,AV BRASILIA
-7.2317842,-35.8785139,1,RUA CUREMAS
-7.2196143,-35.8680883,4,RUA MAMEDE MOISES RAIA
-7.2385524,-35.8926909,1,RUA PADRE PEDRO SERRÃO
-7.2522253,-35.9262338,1,RUA MOUSART DE LIMA
-7.2223667,-35.8734667,1,RUA DO GLORIA
-7.2191979,-35.8633450,1,RUA ZUMBA MONTEIRO
-7.2111244,-35.8866017,1,RUA JOSEFA BENVINDO DA CONCEIÇÃO
-7.2297637,-35.9258706,1,RUA PLINIO LEMOS
-7.2153612,-35.8729548,2,RUA SANTA CECILIA
-7.2202454,-35.8941189,3,RUA ANTENOR NAVARRO
-7.2275983,-35.8770020,2,AV ELPIDIO DE ALMEIDA
-7.2234655,-35.8726491,1,RUA ESTACIO DE SA 
-7.2435010,-35.8954198,2,AVENIDA APRIGIO NEPOMUCENO
-7.2349973,-35.9297365,1,RUA SOUZA
-7.2230627,-35.9200239,1,RUA SEVERINO LUCENA VAZ RIBEIRO
-7.2509144,-35.8382862,1,RUA JOSÉ RODRIGUES DE LIMA 
-7.2181600,-35.8845104,1,RUA VENANCIO NEIVA 
-7.2333814,-35.8992664,1,RUA ANACLETO ELOI
-7.2223667,-35.8734667,1,RUA MANOEL CAMILO DOS SANTOS
-7.2465473,-35.8947422,1,RUA CASSIANO PEREIRA
-7.2292954,-35.9048650,1,AVENIDA PROFESSOR ALMEIDA BARRETO
-7.2355900,-35.9312681,1,RUA MARIA DA MUNIS DE ALBUQUERQUE
-7.2223667,-35.8734667,1,RUA ORDENES TROVAO DE MELO
-7.2496543,-35.9119310,1,RUA FRANCISCO BRASILEIRO
-7.2397171,-35.9260127,1,RUA CARLOS ANTONIO VIEIRA 
-7.2254439,-35.8682139,1,RUA PEDRO DA COSTA AGRA
-7.2322289,-35.9054324,1,RUA PERU
-7.2130820,-35.9021875,2,RUA FRANCISCO CALIXTO
-7.2223667,-35.8734667,1,RUA JILO GUEDES
-7.2223667,-35.8734667,1,RUA ZOÉ BRITO SILVA 
-7.2194005,-35.8666529,1,RUA MATO GROSSO
-7.2294646,-35.9110185,9,RUA ALMEIDA BARRETO
-7.2447102,-35.9080866,1,RUA ANTONIO JOAQUIM DE CARVALHO 
-7.2186352,-35.8850358,4,RUA MARQUES DO HERVAL
-7.2053344,-35.8890700,1,RUA HENRIQUE DIAS 
-7.2049314,-35.9503141,1,RUA MANOEL MOTA
-7.2229412,-35.9068041,2,RUA SANTA LUZIA
-7.2146094,-35.8733014,25,AV FLORIANO PEIXOTO
-7.2758268,-35.9246835,1,RUA CLAUDIO DA COSTA BARROSO 
-7.2223667,-35.8734667,2,RUA PLÍNIO LÚCIO SOUTO LIMA
-7.2365463,-35.9028056,2,RUA COSTA E SILVA
-7.2449416,-35.8926445,1,RUA PEDRO OTAVIO DE FARIAS 
-7.2037459,-35.8853294,1,RUA ADAUTO TRAVASSOS DE MOURA 
-7.2067937,-35.8919738,1,RUA FRANCISCO MENDONÇA
-7.2125343,-35.8780211,1,RUA LUIZA SOARES
-7.2183894,-35.8847321,1,RUA CARDOSO VIEIRA 
-7.2223667,-35.8734667,2,RUA NILDA DE QUEIROZ NEVES 
-7.2316765,-35.8714851,1,RUA RAIMUNDO NONATO DE ARAÚJO
-7.2223667,-35.8734667,1,RUA FERNANDES DE NORONHA
-7.2103599,-35.8804242,1,RUA MONTEIRO LOBATO
-7.2509440,-35.8860939,1,RUA MANUEL ALVES DE OLIVEIRA 
-7.2412275,-35.9041761,1,RUA ALFREDO ALVES ARAÚJO
-7.1884014,-35.8813203,2,AVENIDA DAS NACOES
-7.2223667,-35.8734667,1,RUA PROFESSOR LOPES DE ANDRADE
-7.2350128,-35.9090620,3,RUA MANOEL PORTO 
-7.2194322,-35.8786116,1,RUA CRISTOVAO COLOMBO 
-7.2433790,-35.8841384,2,RODOVIA BR 104
-7.2302724,-35.8665364,1,RUA JOSE VIEIRA DE LIMA
-7.2402589,-35.8768156,1,RUA GILENO B DO NASCIMENTO 
-7.2410812,-35.8880520,5,AV ASSIS CHATEAUBRIAND
-7.2444422,-35.8884102,1,RUA PREFEITO ANTONIO COUTINHO 
-7.2355900,-35.9312681,1,RUA MARIA DA GUIA 
-7.2281990,-35.9189281,2,RUA FREIRA FRANCISCA GUSMAO 
-7.2425128,-35.9138517,1,RUA CARMEM LÚCIA COSTA PAULINO
-7.2337762,-35.9257241,2,RUA MOSSORO
-7.2193398,-35.8816382,3,RUA AFONSO CAMPOS
-7.2223667,-35.8734667,1,RUA ENGENHEIRO JOSE HEMERSON DE ALMEIDA BARRETO 
-7.2059804,-35.8962939,1,RUA PROBO CAMARA 
-7.2439938,-35.9012720,1,RUA JOSE GONCALVES LUCENA 
-7.2223667,-35.8734667,1,PRACA TENENTE ALFREDO DANTAS
-7.2436954,-35.9148714,1,RUA ALICE OLIVEIRA GONZAGA
-7.2521369,-35.9088201,1,RUA JOSEFA RAMOS BORBÃO
-7.2429264,-35.9186067,1,RUA JOÃO HENRIQUE PEREIRA LEITE 
-7.2354700,-35.8962185,16,AVENIDA ALMIRANTE BARROSO
-7.2094570,-35.8998199,1,RUA TOMAS DE ARAUJO
-7.2210903,-35.8787309,19,RUA VILA NOVA DA RAINHA
-7.2358406,-35.9049719,1,RUA RODRIGUES DE FARIAS 
-7.2157729,-35.8698447,1,RUA NEUSA BORBOREMA
-7.2331445,-35.9047539,3,RUA DO SOL
-7.1990918,-35.8822681,1,RUA EZEQUIEL RODRIGUEZ
-7.2563153,-35.8787877,17,AVENIDA VIGARIO CALIXTO
-7.2223667,-35.8734667,1,RUA GLAUBER ALVES GUIMARÃES 
-7.2223667,-35.8734667,1,RUA DA FARINHADA
-7.2217437,-35.9179453,1,RUA MANOEL GUIMARAES MORAIS 
-7.2309417,-35.8680489,1,RUA JUVINO DO O
-7.2563153,-35.8787877,6,AVENIDA VIGÁRIO CALIXTO
-7.2452594,-35.8955600,1,RUA JUVINO SOBREIRA
-7.2724845,-35.9301027,1,RUA ARATUBA
-7.2342495,-35.8586875,5,RUA FERNANDES VIEIRA
-7.2241471,-35.8885111,1,RUA PAULINO RAPOSO
-7.2181796,-35.8786288,2,RUA DEPUTADO JOSE TAVARES 
-7.2223667,-35.8734667,1,RUA MARIA DO CARMO NOBREGA
-7.2098989,-35.8926755,1,RUA DESEMBARGADOR AZEVEDO 
-7.2158611,-35.8698329,1,RUA MANOEL DAVID DE ARRUDA
-7.2433129,-35.9233968,1,RUA JAMILA ABRAO JORGE 
-7.1874130,-35.9042682,2,RUA BRUXELAS
-7.2275107,-35.9012895,1,RUA FRANCISCO LOPES 
-7.2333530,-35.8723260,2,RUA ANTONIO DE SOUSA LOPES 
-7.2272312,-35.9188297,1,RUA CORONEL JOÃO FIGUEIREDO
-7.2209789,-35.8871979,1,AVENIDA DOM PEDRO I
-7.2212286,-35.9060455,1,RUA SÃO GERALDO
-7.2297810,-35.8691086,1,RUA PROFESSOR MIRON
-7.2148680,-35.8888711,1,RUA JOAO DA SILVA PIMENTEL 
-7.2223667,-35.8734667,1,RUA SAARA
-7.2533384,-35.8945744,1,RUA JOSE FIRMINO
-7.2223667,-35.8734667,1,RUA JOÃO EDSON SOUZA
-7.2362438,-35.8635495,1,RUA ENGENHEIRO JOSÉ BEZERRA 
-7.2486543,-35.9109366,1,RUA RAUL FARIAS 
-7.2338966,-35.8729918,7,RUA OTACILIO NEPOMUCENO 
-7.2146732,-35.8879037,1,RUA PRESIDENTE EPITACIO PESSOA
-7.2192419,-35.8699405,1,RUA SEVERINO DE BRANCO
-7.2085383,-35.8769662,1,RUA FELIX CAROLINO BARBOSA 
-7.2410812,-35.8880520,25,AVENIDA ASSIS CHATEAUBRIAND
-7.2391003,-35.9269590,1,RUA DAS PITOMBEIRAS
-7.2556036,-35.9248992,1,RUA HENRIQUE NÓBREGA 
-7.2415243,-35.8923018,1,TRAVESSA EDESIO SILVA
-7.2506392,-35.8957545,1,RUA JOANA DE ALBUQUERQUE SILVEIRA 
-7.2223667,-35.8734667,1,RUA PAULO GOMES PERICO
-7.2256524,-35.8893318,1,RUA JOSE DO PATROCINIO
-7.2086011,-35.8870209,1,TRAVESSA AFONSO FRANCISCO DE ALBUQUERQUE
-7.2048921,-35.9339515,1,RUA SAO JANUARIO
-7.2246450,-35.9186757,1,RUA MAESTRO NILO LIMA
-7.2223667,-35.8734667,2,RUA NATALICIA R. VIEIRA 
-7.1871624,-35.9035978,1,RUA ARLINDA GOMES DE MEDEIROS 
-7.2223667,-35.8734667,1,RUA IREMAR VILARIM MEIRA
-7.1980327,-35.8902562,1,RUA ROBERVAL RIBEIRO DE LIMA
-7.1986848,-35.8959945,7,RUA QUINZE DE NOVEMBRO 
-7.2212571,-35.9028520,2,RUA MARECHAL DEODORO
-7.2227523,-35.8646399,1,RUA MIRIAM ALVES DE MELO
-7.2511199,-35.9035761,1,RUA ABSALAO EMERENCIANO 
-7.2189529,-35.9244108,1,RUA AUREA DO REGO DA COSTA
-7.2593207,-35.9099166,1,RUA DA CONCEICAO
-7.2276220,-35.9338638,2,RUA SEVERINO ERMÍNIO DE CARVALHO 
-7.2538492,-35.9471573,7,AVENIDA FRANCISCO LOPES DE ALMEIDA
-7.2590698,-35.9176269,1,RUA TRES IRMAS
-7.2106678,-35.9300904,2,RUA SÃO MALAQUIAS
-7.2223667,-35.8734667,1,AVENIDA PRINCIPAL
-7.2454219,-35.8968870,3,RUA MANOEL LEONARDO GOMES
-7.2455457,-35.8820781,1,RUA HUMBERTO BATISTA LIMA 
-7.2638100,-35.8960409,1,RUA JOSEFA MORAIS MAIA 
-7.2223667,-35.8734667,1,RUA COSME F. DA NOBREGA
-7.2510877,-35.9112383,1,RUA SENADOR JOÃO CAVALCANTE 
-7.2404808,-35.9126011,1,RUA ANALIA RIBEIRO DIAS 
-7.2434787,-35.9082875,1,RUA JORNALISTA WALTER MENDONÇA
-7.2133336,-35.8893338,2,RUA JOSE LINS DO REGO 
-7.2529366,-35.9234612,1,RUA EVA MARIA MOURA
-7.2449637,-35.9230978,1,RUA XIQUE XIQUE
-7.2557331,-35.9229711,1,RUA SEVERINO FELIPE DE SOUZA
-7.2522403,-35.8887719,1,RUA PEDRO SABINO SILVA 
-7.2678080,-35.9189876,1,RUA ACACIO FIGUEIREDO
-7.2564793,-35.9272117,1,RUA GASTON DE OLIVEIRA
-7.2104718,-35.8769168,2,RUA FRANKLIN ARAÚJO
-7.2273137,-35.9008087,1,RUA DOUTOR INÁCIO MAIER 
-7.2337991,-35.8881011,1,RUA PIAUI
-7.2223667,-35.8734667,1,RUA FRANCISCO ANTONIO DO NASCIMENTO 
-7.2223667,-35.8734667,1,RUA APOLONIO AMORIM 
-7.2223667,-35.8734667,1,RUA IDELFONSO SOUTO MAIOR
-7.2223667,-35.8734667,2,RUA INÁCIO MAIA 
-7.2223667,-35.8734667,1,RUA OLIVINA PEDRO DOS SANTOS
-7.2386942,-35.8669442,1,RUA JOSÉ BERNARDINO 
-7.2223667,-35.8734667,2,RUA ADERALDO VASCONCELOS DINIZ
-7.2593207,-35.9099166,1,RUA DA CONCEIÇÃO
-7.2371684,-35.9179367,2,RUA TRANQUILINO COELHO LEMOS
-7.2493976,-35.9165595,1,RUA SALVADOR
-7.2590698,-35.9176269,5,RUA TRÊS IRMÃS
-7.2025273,-35.8447115,1,RODOVIA PB 095
-7.2331084,-35.9062171,2,RUA BOLIVIA
-7.2339942,-35.9105869,4,AVENIDA DINAMERICA
-7.2423954,-35.9169191,3,RUA MARGARIDA MARIA ALVES
-7.2433129,-35.9233968,1,RUA JAMILE ABRAAO JORGE
-7.2191820,-35.8882230,1,RUA EXPEDICIONÁRIOS DO BRASIL
-7.2474010,-35.8977479,2,RUA FRANCISCO ERNESTO DO REGO
-7.2355900,-35.9312681,1,RUA MARIA DA GUIA MUNIZ ALBUQUERQUE 
-7.2485367,-35.9230350,1,RUA DO UMBUZEIRO
-7.2223667,-35.8734667,1,RUA LADELAL RODRIGUES 
-7.2149224,-35.8838690,1,RUA JOÃO ALVES DE OLIVEIRA
-7.2274704,-35.8966416,1,RUA CASTRO PINTO
-7.2200918,-35.9980285,1,RUA PROFESSOR LUIS GIL
-7.2053344,-35.8890700,1,RUA HENRIQUE DIAS
-7.2265122,-35.8792653,1,RUA PAULO DE FRONTIM
-7.2451072,-35.8998723,1,RUA MANOEL DO O JUNIOR 
-7.2499646,-35.8959525,1,RUA JOAO SIQUEIRA LUNA 
-7.2339942,-35.9105869,1,RUA DINAMERICA ALVES CORREIA 
-7.2408916,-35.8995220,1,RUA JOAO NOBERTO DA SILVA
-7.2216287,-35.9097414,1,RUA MARIA ESTELITA CRUZ
-7.2197150,-35.9187469,1,RUA JOSÉ DO PRECIPÍCIO 
-7.2474010,-35.8977479,1,RUA ERNESTO DO RÊGO 
-7.2293643,-35.9191529,1,RUA ANTÔNIO DE BRITO LIRA
-7.2419246,-35.8784881,1,RUA SEBASTIÃO VIEIRA DA SILVA 
-7.2181600,-35.8845104,1,RUA VENÂNCIO NEIVA
-7.2199459,-35.8982760,4,RUA MONTEVIDEO
-7.2277627,-35.9238109,1,RUA ALBERTINA RAMOS DE AMORIM
-7.2246107,-35.9226457,2,RUA PROFESSORA MARIA DIAS RAMOS
-7.2474131,-35.8471250,2,AVENIDA PREFEITO SEVERINO BEZERRA CABRAL
-7.2235040,-35.9176502,1,RUA PAULO CANTOR SERGIO
-7.2223667,-35.8734667,3,RUA IARA AMARAL
-7.2177546,-35.8916177,1,AVENIDA PRESIDENTE GETÚLIO VARGAS
-7.2223667,-35.8734667,3,RUA ENGENHEIRO SATURNINO DE BRITO FILHO
-7.2016942,-35.8763767,1,AV MANOEL TAVARES
-7.2177546,-35.8916177,2,AVENIDA PRESIDENTE GETULIO VARGAS
-7.2223667,-35.8734667,1,RUA FLORINDA HORÁCIO
-7.2522543,-35.9250178,1,RUA JOSEBIAS VIERA DE FARIAS
-7.2222968,-35.8859775,5,RUA TIRADENTES
-7.2507437,-35.8952592,1,RUA GABRIEL CHABO
-7.2489125,-35.9008403,2,TRAVESSA AUGUSTO BORBOREMA
-7.2513369,-35.8968302,1,RUA WALTER SOARES DE ANDRADE 
-7.2223667,-35.8734667,1,RUA MANOEL CESAR DE FARIAS
-7.2498743,-35.8975585,1,RUA CAMILA ABRAÃO JORGE
-7.2246144,-35.8853698,2,RUA OTACÍLIO DE ALBUQUERQUE 
-7.2223667,-35.8734667,1,RUA JOSÉ HILTON XAVIER
-7.2294948,-35.8907541,1,RUA MINAS GERAIS
-7.2289543,-35.9344460,1,RUA MANOEL MARTINS DE OLIVEIRA
-7.2265122,-35.8792653,1,RUA PAULO DE FRONTIN
-7.2224331,-35.9186564,3,RUA ANTONIO CAVALCANTE 
-7.2223667,-35.8734667,1,RUA CEL ANTONIO PESSOA
-7.2115866,-35.8735199,1,RUA NOSSA SENHORA DE LOURDES 
-7.2266380,-35.8910138,1,RUA DOUTOR CHATEAUBRIAND
-7.2349511,-35.8925713,2,RUA ALAGOAS
-7.2416973,-35.8938156,8,RUA SEVERINO PIMENTEL
-7.2492900,-35.9013847,2,RUA ANA VILAR
-7.2474802,-35.9150488,1,TRAVESSA MANOEL TRANQUILINO
-7.2310800,-35.9000665,1,RUA SANTA MARIA
-7.2533384,-35.8945744,1,RUA JOSÉ FIRMINO
-7.2024090,-35.8767899,4,RUA ARNALDO ALBUQUERQUE 
-7.2223667,-35.8734667,1,RUA WILSON CESAR DE SOUSA
-7.2019594,-35.8836936,1,RUA CAPITAO ADEMAR DE MAIA PAIVA 
-7.2354335,-35.8827645,1,RUA JOÃO QUIRINO 
-7.2444838,-35.8963166,3,RUA SEVERINO GALILEU
-7.2496543,-35.9119310,2,RUA DOUTOR FRANCISCO BRASILEIRO
-7.2138836,-35.8849458,1,RUA VIGOLVINO WANDERLEY
-7.2244462,-35.9001376,1,RUA AUTA LEITE
-7.2446659,-35.8746704,1,RUA PROFESSORA SEVERINA R. SILVA 
-7.2223667,-35.8734667,2,RUA MELQUIADES SILVA VIANA
-7.2315723,-35.8921784,2,RUA RIO GRANDE DO SUL
-7.2085383,-35.8769662,1,RUA FELIX CAROLINO BARBOSA
-7.2409721,-35.9241948,2,RUA DOS AVELOZES
-7.2485367,-35.9230350,1,RUA DOS UMBUZEIROS
-7.2510877,-35.9112383,3,RUA JOÃO CAVALCANTE DE ARRUDA
-7.2223667,-35.8734667,1,RUA JOSÉ PRAEIRO DOS SANTOS
-7.2483569,-35.9284381,1,RUA ALCIDES AVELINO DE MEDEIROS 
-7.2354335,-35.8827645,2,RUA JOÃO QUIRINO
-7.2223667,-35.8734667,1,RUA PASTOR RAUL DE SOUZA COSTA
-7.2344216,-35.9054668,1,RUA YOYO CAVALCANTE 
-7.2199997,-35.9153527,6,RUA CARLOS ALBERTO SOUZA 
-7.2165873,-35.8735746,1,RUA SILVA JARDIM II
-7.2226085,-35.9047724,1,RUA RAIMUNDO ASFORA
-7.2511199,-35.9035761,1,RUA ABSALÃO EMERENCIANO
-7.2281990,-35.9189281,1,RUA FREIRA FRANCISCA GUSMAO
-7.2201748,-35.9067204,1,RUA EMIDIO LUCAS DA SILVA
-7.2213790,-35.8802905,1,RUA JOÃO DA MATA
-7.2458570,-35.8778745,1,RUA JOÃO PESSOA
-7.2093170,-35.9012116,1,RUA ANA DA SILVA MEIRA
-7.2230627,-35.9200239,2,RUA DR SEVERINO RIBEIRO CRUZ
-7.2300184,-35.9350368,1,RUA HELENO DE SOUZA DO Ó
-7.2373225,-35.9218672,1,RUA ELVIRA CARMEN DA SILVA
-6.9756236,-35.8192145,1,RUA PARA
-7.2173955,-35.8858229,1,AVENIDA PRESIDENTE JOAO PESSOA
-7.2051179,-35.9005047,1,RUA ANTONIO SOARES DA SILVA
-7.2653172,-35.8743294,1,RUA ALZIRA FIGUEIREDO
-7.2433129,-35.9233968,2,RUA JAMILA ABRAÃO JORGE
-7.2223667,-35.8734667,1,RUA JOÃO FAZIO DE ALMEIDA
-7.2223667,-35.8734667,1,RUA JOAQUIM TERTULIANO DOS SANTOS
-7.2509440,-35.8860939,4,RUA MANOEL ALVES DE OLIVEIRA
-7.2396593,-35.8987413,1,RUA JOSEFINA MARIA DA CONCEIÇÃO
-7.2223259,-35.8820395,1,RUA JOÃO TAVARES
-7.2538373,-35.9332482,1,RUA DEMETRIO QUITANS MEIRA
-7.2217283,-35.9163941,1,AVENIDA APRIGIO VELOSO
-7.2298794,-35.9279763,1,RUA CAICO 
-7.2678080,-35.9189876,1,RUA CÁSSIO FIGUEREDO
-7.2529304,-35.8772051,1,RUA AROLDO CRUZ 
-7.2240478,-35.8738004,1,RUA REGENTE FEIJO
-7.2246806,-35.9254844,1,RUA JOSÉ MOTA
-7.2315441,-35.9224193,2,RUA PROFESSORA MARIA AUGUSTO MENDONÇA
-7.3388846,-35.8966332,1,RUA MANOEL SEFARIM DA COSTA
-7.2420242,-35.8848662,1,RUA AUDERICO PESSOA DE OLIVEIRA
-7.2421815,-35.8805880,1,RUA VALDEMIRA EMILIA PINTO 
-7.2223667,-35.8734667,1,RUA PADRE CORNELIO
-7.2223667,-35.8734667,1,RUA VALDETE PIMENTEL
-7.2440587,-35.9084572,1,RUA ANTONIO CARLOS MARANHÃO
-7.2055986,-35.8946330,1,RUA PROFESSOR BALBINO
-7.2414746,-35.9131838,1,RUA MARIA GOMES DE SOUSA 
-7.2183242,-35.8833199,1,RUA SEMEÃO LEAL
-7.2250564,-35.8816899,2,RUA DOUTOR SEVERINO CRUZ
-7.2488630,-35.8826889,1,RUA JOSÉ SANTANA DE SOARES
-7.2197205,-35.9186554,1,RUA ANTONIO VIEIRA DA ROCHA 
-7.2383857,-35.8860420,1,RUA VINTE QUATRO DE MAIO
-7.2559025,-35.9122155,2,RUA AFONSO HENRIQUE CAVALCANTE
-7.2223667,-35.8734667,1,RUA ARMANDO AMORIN PEREIRA 
-7.2255697,-35.8767498,1,RUA JOAO FLORENTINO DE CARVALHO 
-7.2565349,-35.9096711,2,AVENIDA PRESIDENTE JUSCELINO KUBITSCHEK
-7.2223667,-35.8734667,1,RUA SIMEÃO LEAL 
-7.2748919,-35.9086158,2,RUA DAS INDUSTRIAS 
-7.2445686,-35.9183255,1,RUA HORACIO BATISTA CARNEIRO
-7.2361952,-35.9000815,1,RUA AMÉRICO CARNEIRO
-7.2223667,-35.8734667,1,RUA MARIA DE LOURDES FERREIRA 
-7.2164281,-35.8845929,1,RUA BARAO DO ABIAI
-7.2207460,-35.9019810,1,RUA JOSE DE ALENCAR
-7.2496298,-35.9124164,1,RUA JOÃO ALVES DE ALMEIDA 
-7.2115866,-35.8735199,1,RUA NOSSA SENHORA DE LOURDES
-7.2355900,-35.9312681,1,RUA MARIA DA GUIA MUNIZ DE ALBUQUERQUE
-7.2294948,-35.8907541,2,RUA MINAS GERAIS 
-7.2604071,-35.9115860,1,TV JUSCELINO KUBISCHEK
-7.2515086,-35.9196654,2,RUA FERNANDO DE NORONHA 
-7.2223667,-35.8734667,1,AVENIDA JOSE MARTINS DE ANDRADE
-7.2279954,-35.9064393,1,RUA ROSALINA ALVES CHAVES 
-7.2212168,-35.8826753,1,RUA VIDAL DE NEGREIROS
-7.2059804,-35.8962939,1,RUA PROBO CÂMARA
-7.2242125,-35.9117768,1,RUA JOSE SANTIAGO 
-7.2104718,-35.8769168,2,RUA FRANKLIN ARAUJO 
-7.2427429,-35.8716390,1,RUA GERALDO PORTO 
-7.2173955,-35.8858229,2,RUA PRESIDENTE JOÃO PESSOA
-7.2077097,-35.9445834,1,RUA MARIA AMÉLIA SOBRINHO
-7.2488630,-35.8826889,1,RUA JOSE SOARES DE SANTANA
-7.2223667,-35.8734667,1,RUA CEL JOAO AECIO PORTO
-7.2223667,-35.8734667,1,RUA JOAO VALDEVINO ALVES 
-7.2046889,-35.8970684,1,RUA SÃO JORGE
-7.2210903,-35.8787309,2,RUA VILA NOVA DA RAINHA 
-7.2512380,-35.8910549,1,RUA MARIA GOMES CARNEIRO
-7.2223667,-35.8734667,1,RUA AQUILINO DE SOUZA GUIMARÃES
-7.2223667,-35.8734667,1,RUA JOSEFA FERREIRA DA SILVA 
-7.2451148,-35.8942268,1,RUA GETULIO CAVALCANTE 
-7.2223667,-35.8734667,1,RUA DA PISCINA 
-7.2098655,-35.9388791,1,RUA PADRE ANTÔNIO
-7.2223667,-35.8734667,1,RUA JOSÉ MARCILIO DE ANDRADE
-7.2554797,-35.8890108,6,RUA SERGIPE
-7.2223667,-35.8734667,1,RUA ALMANY JOSÉ TAVARES DE MELO 
-7.2200849,-35.8812143,1,RUA CORONEL JOÃO LOURENÇO PORTO
-20.3494299,-40.3838763,1,RUA SETE DE SETEMBRO 
-7.1983681,-35.8783507,6,RUA DOUTOR VASCONCELOS 
-7.2270236,-35.8958135,1,RUA JOSÉ ELPIDIO DA COSTA MONTEIRO
-7.2223667,-35.8734667,1,RUA JOANA ALBERTO DA SILVA
-7.2485367,-35.9230350,1,RUA DOS UMBUZEIROS 
-7.2177546,-35.8916177,2,AVENIDA GETÚLIO VARGAS
-7.2396624,-35.8933260,2,AVENIDA AMAZONAS
-7.2181369,-35.9088333,4,RUA ANTONIO JOAQUIM PEQUENO
-7.2274679,-35.8701935,2,RUA SILVA JARDIM
-7.2139712,-35.8697107,1,RUA ORESTES FIALHO DE ARAUJO
-7.2363284,-35.8964264,2,RUA ODON BEZERRA
-7.2223667,-35.8734667,1,RUA APOLONIO AMORIM
-7.2543317,-35.9231616,1,RUA AGRIPINO DOS SANTOS 
-7.2407499,-35.8622886,1,RUA SÃO LUÍS 
-7.2223667,-35.8734667,1,RUA BENJAMIN FRANKLIN
-7.2190937,-35.8891918,1,RUA INDIOS CARIRIS 
-7.2474131,-35.8471250,1,AVENIDA SEVERINO BEZERRA CABRAL 
-7.2404667,-35.9254590,1,RUA DOS PAU DARCOS
-7.2085383,-35.8769662,2,RUA FÉLIX CAROLINO BARBOSA 
-7.2216378,-35.9233845,1,RUA RUBENS DUTRA
-7.2529968,-35.9145637,1,RUA MONSENHOR JOSE COUTINHO
-7.2223667,-35.8734667,1,RUA IPINO PAULINO
-7.2210294,-35.9201042,1,RUA RITA PERREIRA 
-7.2112935,-35.8827158,1,RUA LUIZA DE CASTRO
-7.2422276,-35.9074358,1,RUA JOSE LUCAS GAUDÊNCIO
-7.2335469,-35.8816880,1,RUA JOSELITA REIS BRASILEIRO 
-7.2420242,-35.8848662,2,RUA ALDERICO PESSOA
-7.2112966,-35.8811609,1,RUA AGAMENON MAGALHAES
-7.2461142,-35.9031862,2,RUA ZEZINHO UCHOA
-7.2336021,-35.9341271,1,RUA ANTONIO RODRIGUES ALVES
-7.2223667,-35.8734667,1,RUA FERNANDO VIEIRA
-7.2454219,-35.8968870,2,RUA MANOEL LEONARDO GOMES 
-7.2371684,-35.9179367,1,RUA TRANQUILINO COELHO LEMOS 
-7.2256898,-35.8959277,1,RUA PROFESSOR CAPIBA
-7.2410812,-35.8880520,1,AVENIDA ASSIS CHATEUBRIAND
-7.2220398,-35.8906289,2,RUA SANTA CLARA
-7.2583806,-35.9094810,1,RUA JUDIVAN CABRAL
-7.2223667,-35.8734667,1,ALÇA SUDOESTE
-7.2561681,-35.8863242,1,RUA DO JUA
-7.2181796,-35.8786288,1,RUA JOSE TAVARES 
-7.1514743,-35.8515564,7,RUA PROJETADA
-7.2510877,-35.9112383,1,RUA SENADOR JOÃO CAVALCANTI DE ARRUDA
-7.2223667,-35.8734667,1,RUA JOANA ALVES DE MELO
-7.2380112,-35.9219662,1,RUA DOUTOR AUGUSTO DE ALMEIDA
-7.2223667,-35.8734667,1,RUA PLÍNIO LÚCIO SOUTO LIMA 
-7.2509654,-35.9273498,3,RUA FRANCISCO LOPES DE ALMEIDA
-7.2463669,-35.9049955,1,RUA PEDRO G BARBOSA 
-7.2265122,-35.8792653,1,RUA PAULO DE FROTIM
-7.2678080,-35.9189876,1,RUA DR ACÁCIO DE FIGUEIREDO
-7.2570800,-35.9097373,1,RUA JUSCELINO KUBISCHECK
-7.3389658,-35.8989185,1,RUA ASSIS CHATEAUBRIAND
-7.2211282,-35.8774007,1,RUA QUEBRA QUILOS 
-7.2143063,-35.8683344,1,RUA DOUTOR AURÉLIO FEITOSA VENTURA
-7.2445951,-35.9262148,2,RUA UBURANAS
-7.2441903,-35.8749261,1,RUA LEVI MENEZES 
-7.2381701,-35.9014353,1,RUA ENFERMEIRA MARIA DE LURDES 
-7.2386942,-35.8669442,1,RUA JOSÉ BERNARDINO
-7.2230627,-35.9200239,4,RUA DOUTOR SEVERINO RIBEIRO CRUZ 
-7.2217283,-35.9163941,4,RUA APRIGIO VELOSO
-7.2086371,-35.9230157,1,RUA JUVENCIO ARRUDA
-7.2235857,-35.8839771,2,RUA MIGUEL COUTO
-7.2196143,-35.8680883,1,RUA MAMEDE MOISÉS RAIA 
-7.2197920,-35.8982818,12,RUA RODRIGUES ALVES
-7.2112139,-35.9014601,1,RUA ANTONIETA CAVALCANTE
-7.2491430,-35.8712897,1,RUA NARCISO COSTA FIGUEIREDO
-7.2196143,-35.8680883,4,RUA MAMEDE MOISES RAIA 
-7.2223667,-35.8734667,1,RUA ALMONI TAVARES DE MELO
-7.2275983,-35.8770020,1,AVENIDA ELPIDIO DE ALMEIDA 
-7.2077089,-35.8802096,1,TRAVESSA NORBERTO LEAL 
-7.2410812,-35.8880520,2,AV ASSIS CHATEAUBRIAND 
-7.2179285,-35.8950022,7,AVENIDA RIO BRANCO
-7.2193398,-35.8816382,3,RUA AFONSO CAMPOS 
-7.2223667,-35.8734667,1,RUA MARIA DE CASTRO PINTO
-7.2093170,-35.9012116,1,RUA ANA DA SILVA MEIRA 
-7.2223667,-35.8734667,1,RUA BAIRRO DA GLORIA
-7.2223667,-35.8734667,1,RUA AMADO COUTINHO
-7.2427705,-35.8636874,1,RUA LUIZ DE GONZAGA COSTA
-7.2570800,-35.9097373,7,AV JUSCELINO KUBITSCHEK
-7.2344739,-35.9296446,1,RUA CABACEIRAS
-7.2385524,-35.8926909,1,RUA PADRE PEDRO SERRÃO 
-7.2175707,-35.8848466,1,RUA MONSENHOR SALES 
-7.2085383,-35.8769662,1,RUA FELIX CAROLINE BABOSA
-7.2293298,-35.9185489,1,RUA ELIZABETE DE ARRUDA
-7.2352333,-35.9049448,4,RUA DAMASCO
-7.2121814,-35.8606263,3,RUA JOSÉ GOMES DE FARIAS
-7.2242365,-35.8868904,2,RUA SEBASTIAO DONATO
-7.2179827,-35.8836460,6,RUA MACIEL PINHEIRO
-7.2232328,-35.8896816,2,RUA LINO GOMES DA SILVA 
-7.2372812,-35.8919876,1,RUA ACRE
-7.2284732,-35.9281247,1,RUA JOSÉ DE SOUSA 
-7.2223667,-35.8734667,1,RUA MARINALDO VITORINO BATISTA FILHO
-7.2415243,-35.8923018,1,RUA EDESIO SILVA
-7.2223667,-35.8734667,1,RUA ARQUELAU DA COSTA DE GUIMARÃES
-7.2289905,-35.8839966,1,RUA PRUDENTE DE MORAES
-7.2533384,-35.8945744,2,RUA JOSÉ FIRMINO DA SILVA
-7.2525833,-35.8940182,1,RUA ROBERTO CAVALCANTE ALBUQUERQUE
-7.2223667,-35.8734667,1,RUA LEONIZA MARTINS LEITE
-7.2422696,-35.8729246,1,RUA ANTONIO VILARIM
-7.2338966,-35.8729918,2,RUA OTACÍLIO NEPOMUCENO
-7.2332603,-35.8632298,1,RUA DJALMA MIGUEL DE MORAIS
-7.2196928,-35.9078565,1,RUA MARIA DE LOURDES CRISPIM LIMA
-7.2049314,-35.9503141,3,RUA MANOEL MOTA 
-7.2380335,-35.8715690,1,RUA BASILIO ARAUJO
-7.2507748,-35.9193773,2,RUA RECIFE
-7.2516105,-35.9038887,1,RUA FLORIANO MENDES FREIRE
-7.2181369,-35.9088333,2,RUA ANTÔNIO JOAQUIM PEQUENO
-7.2186352,-35.8850358,1,RUA MARQUÊS DE HERVAL 
-7.2223667,-35.8734667,1,RUA PAULINO MAIA SOUZA
-7.2339942,-35.9105869,4,AV DINAMERICA
-7.2134209,-35.8982596,4,RUA JOAO MAURICIO MEDEIROS 
-7.2335851,-35.9280392,1,RUA PATOS
-7.2087177,-35.9162327,1,RUA BARAUNAS
-7.2235596,-35.8926188,1,RUA MELO LEITÃO 
-7.2473910,-35.8866316,1,RUA VENEZUELA 
-7.2127957,-35.8868266,1,RUA MANOEL SERGIO DE OLIVEIRA
-7.2395701,-35.9023429,3,RUA JOSE SEBASTIAO DA SILVA
-7.2178632,-35.8591115,1,RUA PAPA JÕAO PAULO
-7.2231176,-35.9168344,1,RUA JOÃO SERGIO DE ALMEIDA
-7.2322620,-35.9085257,1,RUA SANTA HELENA
-7.2297742,-35.8826585,1,RUA PADRE ARISTIDES FERREIRA DA CRUZ
-7.2223667,-35.8734667,1,RUA JOÃO ERNESTO BATISTA DE HOLANDA
-7.2353856,-35.8635756,1,RUA ANTONIO BARBOSA DE MENEZES 
-7.2059804,-35.8962939,1,RUA POBRO CÂMARA 
-7.1857344,-35.8681934,1,AVENIDA REPÚBLICA FEDERAL DA ALEMANHA
-7.2223667,-35.8734667,1,RUA BEL. PLÍNIO LÚCIO SOUTO LIMA
-7.2422696,-35.8729246,1,RUA ANTONIO VILLARIM
-7.2303339,-35.9222391,2,RUA GUARABIRA
-7.2521756,-35.9082585,1,RUA ANTONIO GOMES PERICO
-7.2465473,-35.8947422,1,RUA CASSIANO PEREIRA 
-7.2325367,-35.8655273,1,RUA VER. ANTONIO JOSÉ RODRIGUES
-7.2207460,-35.9019810,1,RUA JOSÉ DE ALENCAR
-7.2421834,-35.8979250,3,RUA PEDRO BRASIL 
-7.2293298,-35.9185489,1,RUA ELIZABETH ARRUDA
-7.2430422,-35.9202872,1,RUA ANTÔNIO BARBOSA DE MEDEIROS
-7.2170725,-35.8797332,1,RUA TAVARES CAVALCANTE
-7.2151451,-35.8811232,1,AVENIDA JANÚNCIO FERREIRA
-7.2322313,-35.8981365,1,RUA GENERINO MACIEL
-7.2223667,-35.8734667,1,AV CANAL DO PRADO
-7.2317536,-35.8790035,2,RUA PADRE ANCHIETA 
-7.2212571,-35.9028520,1,RUA MARECHAL DEODORO DA FONSECA 
-7.2308013,-35.8766648,1,RUA PEDRO LEAO 
-7.2064363,-35.8726168,2,RUA CLEMENTINO SIQUEIRA
-7.2235596,-35.8926188,1,RUA MELO LEITÃO
-7.2490975,-35.9184154,1,AVENIDA BELO HORIZONTE
-7.2130820,-35.9021875,2,RUA FRANCISCO CALIXTO 
-7.2227523,-35.8646399,1,RUA ANTONIO ALVES DE LENO
-7.2213790,-35.8802905,2,RUA JOAO DA MATA 
-7.2241471,-35.8885111,1,RUA PAULINO RAPOSO 
-7.2140283,-35.8999221,1,RUA JOSE AUGUSTO TRINDADE 
-7.2224789,-35.8743662,1,RUA VINTE DE ABRIL 
-7.2254439,-35.8682139,3,RUA PEDRO DA COSTA AGRA 
-7.2148680,-35.8888711,1,RUA JOÃO SILVA PIMENTEL
-7.2533869,-35.9150606,4,RUA JOÃO DA CUNHA LIMA
-7.2249736,-35.9222103,1,RUA JOSE BRAGA LIRA
-7.2335085,-35.9,1,RUA PENEDO
-7.2111244,-35.8866017,1,RUA LICIONÉIA MARIA DA CONCEIÇÃO
-7.2180225,-35.9016593,1,RUA JOAO ALVES DE LIRA 
-7.2463944,-35.8989804,1,RUA LUIZ TRAVASSOS DE MOURA
-7.2114465,-35.8936247,1,RUA DESEMBARGADOR ARQUIMEDES SOUTO MAIOR
-7.2139995,-35.9252924,2,RUA VICENTE GOMES DE ALMEIDA
-7.2252957,-35.8904021,1,RUA FELIPE CAMAROES
-7.2072556,-35.8826059,2,RUA BENEDITO MOTA
-7.2450960,-35.9150151,1,RUA EULÁLIA ARAÚJO 
-7.2316765,-35.8714851,2,RUA RAIMUNDO NONATO
-7.2127957,-35.8868266,1,RUA MANOEL SERGIO OLIVEIRA 
-7.1884014,-35.8813203,2,AVENIDA DAS NAÇÕES
-7.2265482,-35.9321453,1,RUA JOSÉ LUIS FERNANDES
-7.2254408,-35.8998516,1,TRAVESSA OSVALDO CRUZ
-7.2469337,-35.8804677,1,RUA MARIA DE LOUDES LOUREIRO
-7.2323342,-35.8817502,1,RUA CRISTIANO COLACO
-7.2556036,-35.9248992,1,RUA HENRIQUE NÓBREGA
-7.2332755,-35.8774000,1,RUA JOAO PEQUENO
-7.2223667,-35.8734667,1,RUA JOÃO RUFINO DA SILVA
-7.2104718,-35.8769168,1,RUA FRANKLIN ARAUJO
-7.2421834,-35.8979250,2,RUA PEDRO BRASIL
-7.2232328,-35.8896816,1,RUA LINO GOMES
-7.2234394,-35.8865472,1,RUA FREI CANECA
-7.2530122,-35.9092220,2,RUA FRANCISCO ALVES 
-7.2217283,-35.9163941,1,RUA APRÍGIO VELOSO 
-7.2454219,-35.8968870,1,RUA LEONARDO GOMES
-7.2223667,-35.8734667,1,RUA APRIGIO FERREIRA LEITE 
-7.2484266,-35.9089906,1,RUA SALUSTIANO BEZERRA CABRAL 
-7.2429091,-35.8905571,4,RUA SANTA CATARINA
-7.2124658,-35.8934889,1,RUA OURO BRANCO 
-7.2435114,-35.9144384,1,RUA ANA CAVALCANTE
-7.2223667,-35.8734667,1,RUA LISIÊ KELLY COSTA
-7.2457010,-35.8991081,1,RUA AUGUSTO BORBOREMA
-7.2564180,-35.9065424,1,RUA ANTONIO PEREIRA FUTUOZO
-7.2264095,-35.9222325,1,RUA JOAQUIM AMORIM JR
-7.2449416,-35.8926445,1,RUA PEDRO OTÁVIO DE FARIAS LEITE 
-7.2223667,-35.8734667,1,RUA OBERDAN ALVES GOMES 
-7.2265639,-35.9092725,1,RUA JOAQUIM GONÇALVES LEDO
-7.2223667,-35.8734667,1,AVENIDA MINISTRO ALCIDES CARNEIRO
-7.2223667,-35.8734667,1,RUA PROFESSOR JOSÉ LOPES DE ANDRADE
-7.2281829,-35.9078185,1,RUA LEONISIA MARTINS LEITE
-7.2235079,-35.9151396,2,AVENIDA PORTUGAL
-7.2331880,-35.8902239,3,RUA SÃO PAULO
-7.2223667,-35.8734667,1,RUA JOSE DA GUIA LESSA SILVEIRA
-7.2108865,-35.9264473,1,RUA ROKETI PINTO
-7.2276544,-35.9194464,1,RUA CORONEL ANIBAL FERREIRA
-7.2482620,-35.9226636,1,RUA CATINGUEIRAS
-7.2208531,-35.8686463,1,RUA SARGENTO ÉDSON SALES 
-7.2202454,-35.8941189,2,RUA ANTENOR NAVARRO 
-7.2756990,-35.9108130,1,RUA JOSE SANTINO
-7.2109414,-35.8956616,1,RUA FRANCISCO ASSIS DE OLIVEIRA
-7.2369782,-35.8854811,2,RUA GUILHERMINO BARBOSA
-7.2429091,-35.8905571,2,RUA SANTA CATARINA 
-7.2223667,-35.8734667,2,RUA JOAO WALLIG
-7.2492752,-35.9191912,3,RUA FLORIANOPOLIS
-7.2419955,-35.9255608,1,RUA COROA DE FRADE
-7.2380335,-35.8715690,1,RUA BASILIO ARAUJO 
-7.2337229,-35.8665722,1,RUA JOSÉ AROLDO DE MENEZES
-7.2176998,-35.9274744,1,RUA ELVIRA DE ALMEIDA CASTRO
-7.2435010,-35.8954198,6,RUA APRIGIO NEPOMUCENO
-7.2170725,-35.8797332,2,RUA TAVARES CAVALCANTE 
-7.2269866,-35.9028708,1,RUA JOSÉ PEIXOTO
-7.2107465,-35.8995920,1,RUA CARNEIRO DA CUNHA
-7.2468558,-35.8850616,1,RUA NOSSA SENHORA APARECIDA
-7.2183977,-35.8773161,2,RUA MARCILIO DIAS
-7.2357916,-35.8936699,1,RUA PETRÔNIO FIGUEIREDO
-7.2223667,-35.8734667,1,RUA GILSON PEREIRA SOUZA
-7.2202351,-35.8626979,1,RUA JOSE ARANHA 
-7.2237799,-35.8840185,5,RUA DESEMBARGADOR TRINDADE 
-7.2223667,-35.8734667,1,RUA ALEXANDRINO CAVALCANTI BELO 
-7.2144277,-35.8556173,1,RUA JOSE DE ALMEIDA
-7.2551012,-35.9277548,1,RUA QUIVAL DE ARAUJO
-7.2223667,-35.8734667,1,RUA LÍDIA BATISTA MAX
-7.2139995,-35.9252924,1,TRAVESSA VICENTE GOMES ALMEIDA
-7.2242125,-35.9117768,1,RUA ANTÔNIO JOSÉ SANTIAGO
-7.2235342,-35.8674771,1,RUA ANA MOREIRA
-7.2074730,-35.8869542,1,RUA SEVERINO VERONICA
-7.2563153,-35.8787877,2,AV VIGARIO CALIXTO
-7.2331245,-35.8777079,2,RUA ARIUS 
-7.2223667,-35.8734667,1,RUA EUTIQUE LORERO
-7.2177546,-35.8916177,1,AVENIDA GETULIO VARGAS
-7.2381701,-35.9014353,1,RUA ENFERMEIRA MARIA DE LOURDES
-7.2325367,-35.8655273,1,RUA VEREADOR ANTÔNIO JOSÉ RODRIGUES
-7.2334289,-35.8922382,2,RUA PERNAMBUCO 
-7.2451072,-35.8998723,1,RUA MANOEL DO O. JUNIOR 
-7.2221843,-35.8802436,1,RUA DEPUTADO ÁLVARO GAUDÊNCIO 
-7.2100268,-35.8945235,1,AVENIDA ANA DE AZEVEDO
-7.2223667,-35.8734667,1,RUA VALDEY PEQUENO DE MELO
-7.2179285,-35.8950022,3,RUA RIO BRANCO
-7.2435010,-35.8954198,1,RUA APRIGIO NEPONUCENO 
-7.2223667,-35.8734667,1,RUA CORONEL HONORATO DA COSTA AGRA
-7.2230627,-35.9200239,1,RUA SEVERINO LUCENA VAZ RIBEIRO 
-7.2556841,-35.9253763,1,RUA CLAUDIO BEZERRA DE LIMA
-7.2452594,-35.8955600,2,RUA JOVINO SOBREIRA DE CARVALHO
-7.2223667,-35.8734667,1,RUA JOSE VIERA DOS SANTOS 
-7.2223667,-35.8734667,1,RUA SAMUEL SIMÕES
-7.2274679,-35.8701935,4,RUA SILVA JARDIM 
-7.2125785,-35.9260521,1,RUA LUIS MALHEIRO
-7.2254318,-35.9214930,1,RUA JOSINETE OLIVEIRA
-7.2223667,-35.8734667,1,RUA SUENIA PEREIRA MELO
-7.2161117,-35.9043990,1,TRAVESSA SILVA BARBOSA
-7.2369919,-35.9194103,1,RUA JOSE AUGUSTINHO DO NASCIMENTO
-7.2208531,-35.8686463,1,RUA SGT EDSON SALES 
-7.2157729,-35.8698447,3,RUA NEUZA BORBOREMA SOUZA 
-7.2223667,-35.8734667,1,RUA JUAZEIRO
-7.2250564,-35.8816899,1,RUA DOUTOR SEVERINO CRUZ 
-7.2451738,-35.9086727,1,RUA JAIME PEREIRA COELHO
-7.2293298,-35.9185489,1,RUA ELISABETH ARRUDA
-7.2526892,-35.9033920,3,RUA ANTONIO CIRILO GOMES
-7.2457168,-35.9242703,1,RUA DOS MELÕES DE SÃO CAETANO 
-7.2257831,-35.8724315,16,RUA CAMPOS SALES
-7.2539382,-35.9195126,1,RUA LINDOLFO DE ALBUQUERQUE
-7.2202351,-35.8626979,2,RUA JOSE ARANHA
-7.2542913,-35.9110130,1,RUA DOUTOR PAULO ROBERTO MAIER 
-7.2353559,-35.8863766,1,RUA PEDRO LEAL 
-7.2590339,-35.9016560,1,RUA MARIA CONCEIÇÃO CUNHA
-7.2223667,-35.8734667,1,RUA ORESTES DUARTE DE ARAÚJO
-7.2331350,-35.8896343,1,RUA MARTINS JÚNIOR 
-7.2333244,-35.8877546,1,RUA VILA CASTELO BRANCO
-7.2220825,-35.8646127,1,RUA HORÁCIO DE SOUZA CAVALCANTE 
-7.2515512,-35.8758205,1,RUA FERNANDO GOMES DE ARAUJO
-7.2217383,-35.9061680,1,RUA MARIA APARECIDA CARNEIRO 
-7.2507807,-35.9210378,1,RUA JOSÉ NOGUEIRA PEREIRA
-7.2348169,-35.9265695,2,RUA OLINDA
-7.2355414,-35.9048678,1,RUA PALESTINA
-7.2223667,-35.8734667,1,RUA ENGENHEIRO JOSE CELINO SANTOS
-7.2382978,-35.9002518,1,RUA MANOEL FELICIANO 
-7.2478254,-35.8784312,1,RUA LENISI ALVES DE MEDEIROS
-7.2317344,-35.9066162,1,RUA DA CERAMICA
-7.2207460,-35.9019810,1,RUA JOSE DE ALENCAR 
-7.2434787,-35.9082875,1,RUA JORNALISTA VALTER MENDONÇA 
-7.2445951,-35.9262148,2,RUA DAS UMBURANAS 
-7.2235079,-35.9151396,2,RUA PORTUGAL
-7.2200849,-35.8812143,3,RUA JOÃO LOURENÇO PORTO
-7.2223667,-35.8734667,1,RUA FIRMINO LEOPOLDINO
-7.2223667,-35.8734667,1,RUA GILO GUEDES
-7.2109309,-35.8810669,2,RUA JOSE DO O
-7.2223667,-35.8734667,1,RUA LUIS GOMES BARBOSA 
-7.2256898,-35.8959277,1,RUA PROFESSOR CAPIBA 
-7.2381701,-35.9014353,1,RUA ENFERMEIRA MARIA DE LOURDES SILVA
-7.2121778,-35.8864705,2,RUA INDIOS PIRAGIBE 
-7.2143063,-35.8683344,1,RUA AURÉLIO FEITOSA VENTURA
-7.2229897,-35.9135593,1,RUA SANTA BARBARA
-7.2148680,-35.8888711,4,RUA JOÃO DA SILVA PIMENTEL
-7.2256808,-35.9326940,1,RUA LUIZ FLORENTINO DE SOUSA
-7.2223667,-35.8734667,1,RUA FRANCISCO ANTONIO NASCIMENTO
-7.2266463,-35.8639125,1,RUA ANTONIO DE ALMEIDA LIRA 
-7.2223667,-35.8734667,1,RUA DIONISIO MÁRCIO DE ALMEIDA
-7.2037459,-35.8853294,1,RUA ADAUTO TRAVASSOS DE MOURA
-7.2198878,-35.8876227,1,RUA DO MEIO 
-7.2223667,-35.8734667,1,PRACA CLEMENTINO PROCOPIO
-7.2250702,-35.8927370,1,RUA BENEDITO MACHADO 
-7.2385524,-35.8926909,1,RUA PADRE PEDRO SERRAO 
-7.2225536,-35.8977286,1,RUA DUQUE DE CAXIAS 
-7.2420242,-35.8848662,1,RUA ALDERICO PESSOA DE OLIVEIRA
-7.2275107,-35.9012895,1,RUA FRANCISCO LOPES
-7.2223667,-35.8734667,1,RUA ESTENIO LOMBARD MOZART DE LIMA
-7.2566532,-35.9050242,1,RUA MARCELINO PEREIRA DA COSTA
-7.2288397,-35.9203273,1,RUA PROFESSORA MARIA DO CARMO
-7.2217283,-35.9163941,3,RUA APRIGIO VELOSO 
-7.2027714,-35.8825859,1,RUA MANOEL ELIAS DE CASTRO
-7.2223667,-35.8734667,1,RUA MARIA DO SOCORRO TARGINO DE ARAÚJO
-7.2451738,-35.9086727,1,RUA JAIME PEREIRA COELHO 
-7.2079387,-35.8994564,1,RUA FERNANDO PEREIRA 
-7.2223667,-35.8734667,1,RUA JORNALISTA CAVALCANTE BRANDÃO
-7.2312441,-35.9210905,1,RUA DOUTOR EDUARDO CORREIA DE LIMA
-7.2533869,-35.9150606,1,RUA JOAO DA CUNHA LIMA
-7.2241471,-35.8885111,1,RUA RAPOSO PAULINO
-7.2237598,-35.8931741,7,RUA SIQUEIRA CAMPOS
-7.2146039,-35.9031112,1,RUA JOAQUIM FIRMINO ARAÚJO
-7.2223667,-35.8734667,1,RUA JOAO BEZERRA PAES 
-7.2249468,-35.8924656,1,PRAÇA DO TRABALHO
-7.2139712,-35.8697107,1,RUA ORESTE FIALHO DE ARAUJO
-7.2400300,-35.9086563,1,RUA HENRIQUE MONTEIRO
-7.2281990,-35.9189281,5,RUA FREIRA FRANCISCA GUSMÃO
-7.2338966,-35.8729918,2,RUA OTACILIO NEPOMUCENO
-7.2056033,-35.9038021,1,RUA VINTE E SETE DE JULHO 
-7.2354700,-35.8962185,3,RUA ALMIRANTE BARROSO
-7.2303672,-35.8945040,2,RUA JOSÉ DE ALMEIDA JÚNIOR 
-7.2223667,-35.8734667,1,RUA JOAO FRANCISCO DE ANDRADE 
-7.2199997,-35.9153527,4,RUA CARLOS ALBERTO DE SOUSA
-7.2223667,-35.8734667,1,RUA ENFERMEIRO LUIZ ALVEZ FILHO
-7.2401248,-35.8634172,1,RUA SÃO JOSÉ
-7.1876907,-34.8840135,1,RUA DO IDEAL
-7.2355900,-35.9312681,4,RUA MARIA DA GUIA MUNIZ
-7.2502472,-35.8928808,1,RUA PROFESSOR ARIEL DE OLIVEIRA
-7.2561391,-35.8765217,1,AVENIDA JOAO VALIG
-7.2620924,-35.9186933,1,RUA PEDRO AZEVEDO
-7.1988004,-35.8810567,1,RUA FRANCISCO NOGUEIRA 
-7.2251433,-35.8718225,1,RUA ANTONIO BERNADINHO DE SENA
-7.2084533,-35.8734397,3,RUA BUENOS AIRES
-7.2570800,-35.9097373,11,AVENIDA JUSCELINO KUBITSCHEK
-7.2257933,-35.8743240,2,RUA COELHO LISBOA
-7.2306975,-35.8928170,1,RUA ESPÍRITO SANTO 
-7.2256524,-35.8893318,1,RUA JOSÉ DO PATROCÍNIO 
-7.2237598,-35.8931741,1,RUA SIQUEIRA CAMPOS 
-7.2400300,-35.9086563,1,RUA HENRIQUE SALES MONTEIRO 
-7.2570800,-35.9097373,3,RUA JUSCELINO KUBITSCHEK
-7.2223667,-35.8734667,1,RUA SEVERINO PEREIRA DE CASTRO
-7.2424087,-35.9276399,3,RUA CARLOS FORMIGA
-7.2242365,-35.8868904,2,RUA SEBASTIÃO DONATO
-7.2074880,-35.8923210,1,RUA CRISTIANO LAURITZEN
-7.2196143,-35.8680883,1,RUA MAMEDE MÓISES RAIA
-7.2409422,-35.8985434,1,RUA JOSE DOROTEIA DUTRA 
-7.2483392,-35.9226253,1,RUA DA JUREMAS 
-7.2422628,-35.9192352,1,RUA ALCEU AMOROSO LIMA 
-7.2194372,-35.9127606,1,AVENIDA WAGNER 
-7.2223667,-35.8734667,1,RUA GENIPAPO
-7.2433129,-35.9233968,1,RUA JAMILA ABRÃAO JORGE
-7.2252957,-35.8904021,3,RUA FELIPE CAMARÃO
-7.2137099,-35.8724961,1,RUA SALVINO OLIVEIRA NETO 
-7.2306975,-35.8928170,2,RUA ESPIRITO SANTO
-7.2164515,-35.8796472,1,RUA ARTHUR VILARIM
-7.2016942,-35.8763767,2,RUA MANOEL TAVARES
-7.2459571,-35.8983574,1,RUA JESUÍNO ALVES CORREIA 
-7.2064363,-35.8726168,2,RUA CLEMENTINO SIQUEIRA 
-7.2308192,-35.9206246,1,RUA SEBATIÃO MARTINS DE OLIVEIRA
-7.2186352,-35.8850358,2,RUA MARQUES DO HERVAL 
-7.2555824,-35.9276768,1,RUA JOSÉ AROLDO FAUSTINO 
-7.2219207,-35.9216233,7,RUA FLORIPEDES COUTINHO 
-7.2354335,-35.8827645,3,RUA JOAO QUIRINO
-7.2283635,-35.8791107,23,AVENIDA CANAL
-7.2532379,-35.9128409,1,RUA ABDOM NAPI 
-7.2275983,-35.8770020,15,AVENIDA ELPIDIO DE ALMEIDA
-7.2413722,-35.8989552,1,RUA VIRGÍLIO PEREIRA DA SILVA 
-7.2133865,-35.8988651,1,RUA DA BORBOREMA
-7.2434787,-35.9082875,2,RUA JORNALISTA VALTER MENDONÇA
-7.2230627,-35.9200239,1,RUA SEVERINO RIBEIRO CRUZ
-7.2463934,-35.9160187,1,RUA JOÃO CLEMENTINO DOS SANTOS 
-7.2223667,-35.8734667,1,RUA IAIÁ DE AZEVEDO DANTAS
-7.2441989,-35.8789807,2,RUA LUIZ SODRE FILHO 
-7.2108227,-35.8845801,1,RUA MANOEL ELIAS 
-7.2223667,-35.8734667,1,RUA MARCIO MOREIRA JUNIOR 
-7.2221843,-35.8802436,1,RUA DEPUTADO ALVARO GAUDENCIO 
-7.2445951,-35.9262148,10,RUA DAS UMBURANAS
-6.9706600,-35.7118048,1,RUA DA BARREIRA
-7.2223667,-35.8734667,2,RUA PADRE IBIAPINA
-7.2195995,-35.8849528,2,PRACA DA BANDEIRA
-7.2610776,-35.9207100,1,RUA TAMANDUA
-7.2216448,-35.8868601,12,RUA TREZE DE MAIO
-7.2223667,-35.8734667,1,RUA CHA DO MARINHO
-7.2270649,-35.8906595,2,RUA ARISTIDES LOBO
-7.2223667,-35.8734667,1,RUA PECINO MARCELINO DE OLIVEIRA
-7.2195995,-35.8849528,4,PRAÇA DA BANDEIRA
-7.2216092,-35.8699701,2,RUA TOME DE SOUZA 
-7.2177546,-35.8916177,1,RUA GETULIO VARGAS
-7.2369919,-35.9194103,1,RUA JOSÉ AGOSTINHO NASCIMENTO
-7.2223667,-35.8734667,1,RUA SEVERINO LOPES BARBOSA 
-7.2564180,-35.9065424,1,RUA ANTONIO PEREIRA FRUTUOSO
-7.2331245,-35.8777079,1,RUA ARIUS
-7.2223667,-35.8734667,1,RUA JÚLIA DE ANDRADE
-7.2190937,-35.8891918,4,RUA INDIOS CARIRIS
-7.2556841,-35.9253763,1,RUA CLÁUDIO BEZERRA DE LIMA
-7.2251882,-35.8882068,2,RUA DOUTOR JOÃO MOURA 
-7.2164281,-35.8845929,1,RUA BARAO DO ABIAI 
-7.2199892,-35.8871229,1,RUA CEL JOSE ANDRE
-7.2339942,-35.9105869,1,AVENIDA DINAMÉRICA 
-7.2239147,-35.9157030,1,RUA MAILTON PEREIRA DE FARIAS
-7.2134032,-35.8939300,3,RUA JOÃO SUASSUNA
-7.2146732,-35.8879037,1,AVENIDA PRESIDENTE EPITACIO PESSOA
-7.2369919,-35.9194103,1,RUA JOSE AGOSTINHO DO NASCIMENTO
-7.2072556,-35.8826059,1,RUA VEREADOR BENEDITO MOTA
-7.2223667,-35.8734667,1,RUA JOÃO CARGA DE ÁGUA
-7.2237799,-35.8840185,3,RUA DESEMBARGADOR TRINDADE
-7.2223667,-35.8734667,1,RUA DIONISIO MARCILIO DE ALMEIDA
-7.2262702,-35.8964166,1,RUA TEIXEIRA DE FREITAS
-7.2547793,-35.9197244,1,RUA JOSÉ JERÔNIMO DE ALBUQUERQUE 
-7.2223667,-35.8734667,1,RUA JOSE ELPIDIO DA COSTA MONTEIRO TODA 
-7.2223667,-35.8734667,1,RUA SATURNINO DE BRITO FILHO
-7.2223667,-35.8734667,1,RUA WILSON VASCONCELOS
-7.2402600,-35.8636537,1,RUA JOSELITA BRASILEIRO
-7.2396624,-35.8933260,3,RUA AMAZONAS
-7.2223667,-35.8734667,4,ALCA SUDOESTE
-7.2196928,-35.9078565,2,RUA MARIA DE LOURDES CRISPIM
-7.2451148,-35.8942268,2,RUA GETÚLIO CAVALCANTE
-7.2190937,-35.8891918,1,RUA ÍNDIOS CARIRIS
-7.2186352,-35.8850358,1,RUA MARQUES HERVAL
-7.2265907,-35.8696207,1,RUA DOM BOSCO
-7.2161719,-35.9226963,1,RUA FRANCISCO MELQUÍADES 
lat,long,1,RUA
-7.2604071,-35.9115860,1,RUA JUSCELINO KUBSTECHEK 
-7.2588203,-35.8836317,1,RUA DOUTOR DJALMA HERCULANO PORTO
-7.2756400,-35.9140711,1,RUA DANIEL LUIZ RODRIGUES 
-7.2223667,-35.8734667,1,RUA FLUTUOSO MATIAS VASCONCELOS
-7.2312441,-35.9210905,1,RUA EDUARDO CORREIA LIMA
-7.2276544,-35.9194464,1,RUA ANIBAL FERREIRA
-7.2186352,-35.8850358,3,RUA MARQUES DE HERVAL
-7.2360622,-35.9065538,1,RUA JERICO
-7.2433129,-35.9233968,5,RUA JAMILA ABRAAO JORGE
-7.2354335,-35.8827645,1,RUA JOAO QUIRINO 
-7.2496298,-35.9124164,1,RUA JOÃO ALVES DE ALMEIDA
-7.1959963,-35.8807686,1,RUA DAS CATANHOLAS
-7.2529366,-35.9234612,1,RUA MARIA EVA DE MOURA 
-7.2223667,-35.8734667,1,RUA MARIA HOSANA LELIS
-7.2533384,-35.8945744,2,RUA JOSE FIRMINO DA SILVA 
-7.2311143,-35.8799470,1,RUA DOUTOR JOÃO BENONI ANDRADE 
-7.2405647,-35.8777089,1,RUA NEUSA BRILHANTE
-7.2066444,-35.8776818,1,RUA PAULO ARAUJO SOARES
-7.2367717,-35.8822326,1,RUA CRISTINA PROCÓPIO SILVA
-7.2239147,-35.9157030,2,RUA MAILTON PEREIRA FARIAS
-7.2435010,-35.8954198,2,RUA APRÍGIO PEREIRA NEPOMUCENO
-7.2223667,-35.8734667,1,RUA CELINA QUIRINO
-7.2373225,-35.9218672,1,RUA ELVIRA CARMEM DA SILVA
-7.2372060,-35.9251120,1,RUA CRATO
-7.2433129,-35.9233968,2,RUA JAMILA ABRAÃO JORGE 
-7.2223667,-35.8734667,1,RUA AMSTERDAM
-7.2208635,-35.8736051,1,RUA JOAQUIM NABUCO 
-7.2458543,-35.9034946,1,RUA INTERNACIONAL
-7.2483051,-35.9289759,3,RUA NEREU GUSMÃO BASTOS
-7.2699120,-35.8971647,16,AVENIDA BRASILIA
-7.2043462,-35.8871858,1,RUA PEDRO BEZERRA
-7.2256211,-35.9024741,2,RUA OSWALDO CRUZ
-7.2509440,-35.8860939,1,RUA MANOEL ALVES DE OLIVIERA
-7.2212168,-35.8826753,6,RUA VIDAL DE NEGREIROS 
-7.2144974,-35.9209153,1,TRAVESSA PORTUGAL
-7.2383857,-35.8860420,4,RUA VINTE E QUATRO DE MAIO
-7.2223667,-35.8734667,1,RUA CABO JOSÉ DE OLIVEIRA
-7.2223667,-35.8734667,1,RUA EZEQUIEL RODRIGUES DE SOUZA
-7.2103599,-35.8804242,1,RUA MONTEIRO LOBATO 
-7.2225536,-35.8977286,3,RUA DUQUE DE CAXIAS
-7.2424087,-35.9276399,3,RUA CARLOS FORMIGA PEREIRA 
-7.2354700,-35.8962185,9,AVENIDA ALMIRANTE BARROSO 
-7.2296380,-35.9307032,1,RUA ROSTAM MOTA
-7.2220398,-35.8906289,1,AVENIDA SANTA CLARA
-7.2273036,-35.9101086,1,RUA JOSE PIMENTEL DE LIMA 
-7.2252957,-35.8904021,2,RUA FELIPE CAMARAO
-7.2452594,-35.8955600,1,RUA JUVENIO SOBREIRA DE CARVALHO 
-7.2052380,-35.8740073,1,RUA MANOEL PALU
-7.2234655,-35.8726491,1,RUA ESTACIO DE SÁ
-7.2223667,-35.8734667,1,RUA ANÍSIO RODRIGUES DE SOUSA
-7.2457671,-35.9147362,1,RUA MARIA LUCENA BARBOSA 
-7.2305093,-35.8932479,1,RUA SANTA FILOMENA
-7.2223667,-35.8734667,2,RUA EURICO GASPAR DUTRA
-7.2306975,-35.8928170,2,RUA ESPIRITO SANTO 
-7.2223667,-35.8734667,1,RUA CORONEL AMÉRICO PORTO
-7.2321966,-35.9232224,1,RUA MARIA BARBOSA DE ALBUQUERQUE
-7.2055986,-35.8946330,2,RUA PROFESSOR BALBINO 
-7.2024090,-35.8767899,3,RUA ARNALDO DE ALBUQUERQUE
-7.2583806,-35.9094810,1,RUA JUNDIVAN CABRAL
-7.2223667,-35.8734667,2,RUA OSVALDO CRUZ TODA 
-7.2223667,-35.8734667,1,RUA JOSÉ BULCÃO DA SILVA
-7.2199041,-35.8770149,1,RUA MANOEL P. DE ARAUJO
-7.2112966,-35.8811609,4,RUA AGAMENON MAGALHAES 
-7.2756400,-35.9140711,1,RUA DANIEL LUIS RODRIGUES
-7.2221612,-35.8960666,3,RUA NILO PECANHA
-7.2246144,-35.8853698,2,RUA OTACILIO ALBUQUERQUE
-7.2175663,-35.8814012,4,RUA PEREGRINO DE CARVALHO 
-7.2242362,-35.8912431,5,RUA DOM PEDRO II
-7.2242362,-35.8912431,2,RUA DOM PEDRO II 
-7.2678080,-35.9189876,1,RUA ACÁCIO FIGUEIREDO
-7.2211282,-35.8774007,10,RUA QUEBRA QUILOS
-7.2256211,-35.9024741,1,RUA OSVALDO CRUZ
-7.2402953,-35.9121799,1,RUA ROSA LOPES DA SILVA
-7.2223667,-35.8734667,1,RUA SANTA INÁCIA
-7.2563153,-35.8787877,1,TRAVESSA VIGARIO CALIXTO
-7.2355900,-35.9312681,1,RUA MARIA DA GUIA
-7.2110008,-35.8822814,1,RUA NAPOLEAO LAUREANO
-7.2223667,-35.8734667,1,RUA ADERALDO VASCONCELOS
-7.2248171,-35.9151337,1,RUA RAIMUNDO GOMES PEREIRA 
-7.2429264,-35.9186067,1,RUA JOAO HENRIQUE PEREIRA LEITE
-7.2175764,-35.8716472,1,RUA SANTO ANTÔNIO
-7.2116573,-35.9004942,1,RUA DIOGO DA COSTA
-7.2381701,-35.9014353,1,RUA ENFERMEIRA MARIA DE LURDES
-7.1957333,-35.8954790,1,RUA ANTONIO ALVES DE LIMA
-7.2277669,-35.8915000,1,RUA CARLOS CHAGAS 
-7.2325367,-35.8655273,1,RUA VEREADOR ANTONIO JOSE RODRIGUES 
-7.2363284,-35.8964264,1,RUA ODOM BEZERRA
-7.2570800,-35.9097373,1,AV JUSCELINO KUBITSCHEK 
-7.2223667,-35.8734667,1,RUA JOÃO VIDAL DE NEGREIROS 
-7.2484773,-35.9293991,1,RUA FÁBIO DE SOUZA OLIVEIRA
-7.2134209,-35.8982596,1,RUA MAURICIO DE MEDEIROS
-7.2533384,-35.8945744,1,RUA JOSÉ FIRMINO DA SILVA 
-7.2198744,-35.8649008,1,RUA CHILE
-7.2223667,-35.8734667,1,RUA VALFREDO GOMES DE ARAUJO
-7.2214386,-35.8730952,1,RUA MAXIMIANO MACHADO
-7.2223667,-35.8734667,1,RUA PADRE CORNÉLIO
-7.2223667,-35.8734667,1,RUA BALTAZAR RODRIGUES DOS ANJOS 
-7.2435010,-35.8954198,2,RUA APRIGIO NEPOMUCENO 
-7.2110426,-35.8964825,1,RUA SINHAZINHA DE OLIVEIRA 
-7.2223667,-35.8734667,1,RUA CRISELDA
-7.2451072,-35.8998723,1,RUA MANOEL DO Ó JUNIOR
-7.2223667,-35.8734667,1,RUA MESTRE HUMBERTO 
-7.2475319,-35.9084934,1,RUA IRISVANIA ALMEIDA CUNHA
-7.2586842,-35.9023882,1,RUA BRAULIO ARAUJO GUSMAO 
-7.2115693,-35.8549486,1,RUA JOÃO AMARO
-7.2163671,-35.8750987,1,RUA VIGÁRIO VIRGÍNIO
-7.2509440,-35.8860939,1,RUA MANOEL ALVES OLIVEIRA
-7.2302734,-35.9005177,3,RUA DA REPUBLICA
-7.2223667,-35.8734667,1,RUA UBAJARA
-7.2506149,-35.9262416,3,RUA MARIA DO CARMO DE OLIVEIRA
-7.2112935,-35.8827158,1,RUA PROFESSORA LUIZA DE CASTRO
-7.2298794,-35.9279763,4,RUA CAICO
-7.2360527,-35.9116545,1,RUA JOSÉ DA COSTA E SILVA 
-7.2223667,-35.8734667,1,RUA SEVERINO RAMOS DE ANDRADE
-7.2570800,-35.9097373,1,AVENIDA JUSCELINO KUBITSCHECK
-7.2223667,-35.8734667,1,RUA JOAO VIDAL DE NEGREIROS
-7.2223667,-35.8734667,1,RUA ANA ALMEIDA DA COSTA
-7.2340094,-35.9270398,1,RUA ILHÉUS 
-7.2223667,-35.8734667,4,RUA ISOLDA BARROS TORQUATO
-7.2077089,-35.8802096,3,RUA NORBERTO LEAL 
-7.2316765,-35.8714851,1,RUA RAIMUNDO NONATO DE ARAUJO 
-7.2143272,-35.8832524,1,RUA CAJAZEIRAS
-7.2276544,-35.9194464,1,RUA ANÍBAL FERREIRA
-7.2430422,-35.9202872,1,RUA ANTÔNIO BARBOSA DE MEDEIROS 
-7.2385524,-35.8926909,1,RUA PEDRO SERAO
-7.2350815,-35.9071684,1,RUA MEN DE SA 
-7.2452594,-35.8955600,1,RUA JUVINO SOBREIRA DE CARVALHO
-7.2087177,-35.9162327,1,RUA DAS BARAUNAS
-7.2139712,-35.8697107,1,RUA ORESTE SIALHO DE ARAUJO
-7.2436954,-35.9148714,3,RUA ALICE DE OLIVEIRA GONZAGA
-7.2223667,-35.8734667,1,RUA IRMA DULCE
-7.2175663,-35.8814012,3,RUA PEREGRINO DE CARVALHO
-7.2223667,-35.8734667,1,RUA OSVALDO CRUZ TODA
-7.2458570,-35.8778745,9,RUA JOAO PESSOA
-7.2266612,-35.8927892,10,RUA DOM PEDRO I
-7.2223667,-35.8734667,1,RUA DIOMEDES PEREIRA TABOSA
-7.2223667,-35.8734667,1,RUA IREMAR VILARIM 
-7.2223667,-35.8734667,1,RUA FREI DAMIÃO BOZANO
-7.2323342,-35.8817502,1,RUA CRISTINA COLAÇO
-7.2284267,-35.8800518,1,RUA ANTÔNIO GUEDES DE ANDRADE 
-7.2317842,-35.8785139,1,RUA COREMAS
-7.2096565,-35.8943372,1,RUA VEREADOR MANOEL UCHOA 
-7.2161225,-35.8725912,3,RUA ARRUDA CAMARA
-7.2354391,-35.9287437,1,RUA ANTONIO ANDRADE
-7.2496081,-35.9084243,1,TRAVESSA CARMEM MIRANDA 
-7.2265551,-35.9164943,2,RUA QUINTINO DE FREITAS 
-7.2535172,-35.8867207,2,RUA DO TAMBOR
-7.2223667,-35.8734667,1,RUA CRISPINIANO PEREIRA NEPOMUCENO
-7.2272611,-35.8973858,1,RUA BELMIRO GOVEIA 
-7.2223667,-35.8734667,1,RUA JOÃO VALDIVINO ALVES
-7.2202634,-35.9239419,1,RUA LUIZ MOTA
-7.2405449,-35.9244084,2,RUA DAS PALMAS
-7.2228389,-35.8842263,1,RUA IRINEU JOFILLY
-7.2216092,-35.8699701,1,RUA TOMÉ DE SOUZA 
-7.2223667,-35.8734667,1,RUA WALLACE ALVES GOMES 
-7.2473628,-35.9126058,1,RUA SEVERINO VICTOR DE LIMA 
-7.2069524,-35.8910295,1,RUA EUCLIDES SEVERIANO 
-7.2157729,-35.8698447,1,RUA NEUZA BORBOREMA
-7.2059336,-35.9067051,1,RUA JIUDETE DIAS DUTRA
-7.2269043,-35.9038959,1,RUA BALTAZAR SILVA GOMES 
-7.2223667,-35.8734667,1,RUA DO JUCÁS
-7.2201946,-35.8595604,1,RUA BELO MONTE
-7.2294646,-35.9110185,2,RUA ALMEIDA BARRETO 
-7.2223667,-35.8734667,1,RUA JOAO VALDIVINO ALVES 
-7.2449100,-35.9215783,2,RUA DAS QUIXABEIRAS
-7.2110008,-35.8822814,3,RUA NAPOLEÃO LAUREANO 
-7.2146394,-35.8856608,1,RUA RAIMUNDO ALVES DA SILVA
-7.2265907,-35.8696207,1,RUA DOM BOSCO 
-7.2400300,-35.9086563,1,RUA HENRIQUE SALES MONTEIRO
-7.2438230,-35.9135307,1,RUA SUENIA PEREIRA NEVES
-7.2317536,-35.8790035,1,RUA PADRE ANCHIETA
-7.2310199,-35.8818576,2,RUA TOMAS SOARES DE SOUZA 
-7.2223235,-35.9142677,1,RUA AGEU GENUINO DA SILVA 
-7.2315723,-35.8921784,3,RUA RIO GRANDE DO SUL 
-7.2173955,-35.8858229,1,AVENIDA JOAO PESSOA
-7.2435010,-35.8954198,1,RUA APRÍGIO PEREIRA NEPOMUCENO 
-7.2354751,-35.8986351,1,RUA PROFESSORA YAYA DE MELO 
-7.2223667,-35.8734667,1,RUA DOMINIO DA CHESF
-7.2223667,-35.8734667,2,RUA JOSE MARTINS DE ANDRADE
-7.2151451,-35.8811232,2,RUA JANUNCIO FERREIRA 
-7.2312997,-35.9294593,1,RUA SANTARÉM 
-7.2163671,-35.8750987,1,RUA VIGÁRIO VIRGÍNIO 
-7.2410383,-35.9291782,1,RUA VALDAIR PEQUENO DE MELO
-7.2049822,-35.8781441,1,RUA APOLONIA AMORIM
-7.2276544,-35.9194464,1,RUA CORONEL ANÍBAL FERREIRA 
-7.2323876,-35.9280772,1,RUA GUARAPARI
-7.2223667,-35.8734667,2,RUA RICARDO VAGNER DA SILVA PAZ
-7.2457404,-35.8923826,5,RUA RIACHUELO
-7.2505882,-35.9038059,2,RUA DOUTOR JOÃO CARIRI 
-7.2223667,-35.8734667,1,RUA JOSE FERNANDES FERREIRA
-7.2223667,-35.8734667,1,RUA GERALDO MIRANDA LEITE
-7.2483569,-35.9284381,1,RUA ALCIDES
-7.2173955,-35.8858229,1,AV JOAO PESSOA
-7.1986848,-35.8959945,1,AVENIDA QUINZE DE NOVEMBRO 
-7.2520968,-35.9093615,1,RUA ASCENDINO TOSCANO BRITO 
-7.2455457,-35.8820781,1,RUA HUMBERTO BATISTA DE LIMA
-7.2321814,-35.8852581,1,TRAVESSA PRUDENTE DE MORAIS 
-7.2202634,-35.9239419,1,RUA LUÍS MOTA 
-7.2482788,-35.8910640,1,AVENIDA DO CANAL
-7.2427769,-35.8892404,1,RUA CLAUDINO GONCALVES OLIVEIRA 
-7.2391847,-35.9235125,1,RUA BOA VISTA
-7.2085146,-35.8892142,1,RUA JOSÉ EVARISTO PEREIRA DA COSTA
-7.2210328,-35.9207898,1,RUA DAMIAO JOSE RODRIGUES
-7.2562151,-35.8767548,1,AVENIDA ARGEMIRO DE FIGUEIREDO
-7.2190748,-35.9080713,2,RUA JOÃO JULIÃO MARTINS
-7.2429917,-35.9085577,1,RUA MARIA ANTONIETA DE MARIZ MARQUES
-7.2133336,-35.8893338,2,RUA JOSÉ LINS DO REGO
-7.2283635,-35.8791107,13,AV CANAL
-7.2223667,-35.8734667,1,RUA BRASILINA GERLASIA
-7.2564180,-35.9065424,1,RUA ANTÔNIO PEREIRA FRUTUOSO
-7.2256494,-35.9332396,1,RUA JOSÉ PEREIRA NETO FILHO
-7.2085110,-35.8977473,1,RUA RAIMUNDO NONATO DA NÓBREGA
-7.2079079,-35.8949712,1,RUA SÃO JOAO
-7.1986848,-35.8959945,10,AVENIDA QUINZE DE NOVEMBRO
-7.2493592,-35.9205706,2,RUA MACEIO
-7.2116573,-35.9004942,1,RUA DIOGO DA COSTA 
-7.2296846,-35.8748142,1,RUA ASCENDINO MOURA 
-7.2604071,-35.9115860,7,AVENIDA JUSCELINO KUBSTCHEK
-7.2529475,-35.9045549,1,RUA JOÃO LUCENA 
-7.2458674,-35.9007913,1,RUA GASPARINO BARRETO 
-7.2223667,-35.8734667,1,RUA JOSE TOKAIPE 
-7.1983681,-35.8783507,6,RUA DOUTOR VASCONCELOS
-20.3494299,-40.3838763,1,RUA SETE DE SETEMBRO
-7.1861445,-35.9008860,1,RUA PARIS
-7.2216448,-35.8868601,2,RUA TREZE DE MAIO 
-7.2223667,-35.8734667,2,RUA DO FOGO
-7.2638100,-35.8960409,1,RUA JOSEFA DE MORAIS MAIA
-7.2208531,-35.8686463,2,RUA SGT EDSON SALES
-7.2104940,-35.8854415,2,RUA FREI MARTINHO
-7.2069746,-35.8986367,2,RUA JOSÉ RIBEIRO DA COSTA
-7.2202634,-35.9239419,1,RUA LUIS MOTA
-7.2386737,-35.9083258,4,RUA SÃO PEDRO
-7.2302985,-35.8806433,1,RUA PREFEITO FRANCISCO CAMILO 
-7.2484773,-35.9293991,1,RUA FABIO DE SOUSA OLIVEIRA
-7.2250564,-35.8816899,3,RUA SEVERINO CRUZ
-7.2223667,-35.8734667,1,RUA APOLÔNIO AMORIM
-7.2326387,-35.8762613,1,RUA JOAO LELIS
-7.2194322,-35.8786116,1,RUA CRISTOVAO COLOMBO
-7.2425996,-35.9217387,1,RUA JAFE MEDEIROS
-7.2410812,-35.8880520,1,AVENIDA ASSIS CHATEAUBRIAND 
-7.2761677,-35.9109680,1,RUA ADAUTO PEDRO DE CARVALHO
-7.2223667,-35.8734667,2,RUA JOSÉ MARTINS DE ANDRADE
-7.1987196,-35.9159098,1,RUA OLEGÁRIO MACIEL
-7.1884014,-35.8813203,2,AV DAS NACOES
-7.2223667,-35.8734667,1,RUA FRANSCISCO GOUVEIA
-7.2074880,-35.8923210,1,RUA CRISTIANO PALMEIRA 
-7.2130566,-35.8826059,1,RUA AGRIMENSOR JOSE DE BRITO
-7.2363284,-35.8964264,7,RUA ODON BEZERRA 
-7.2447102,-35.9080866,1,RUA ANTÔNIO JOAQUIM DE CARVALHO 
-7.2244462,-35.9001376,1,RUA ALDA LEITE
-7.2223667,-35.8734667,1,RUA RUBÉNS FERREIRA DOS SANTOS
-7.2399133,-35.8721945,1,RUA EUTECIO VITAL RIBEIRO
-7.2238968,-35.9105270,1,RUA RITA LUCIA 
-7.2171021,-35.9004501,1,RUA IDELFONSO AIRES
-7.2074880,-35.8923210,1,RUA CRISTIANO LAURITZEM 
-7.2016942,-35.8763767,12,AVENIDA MANOEL TAVARES
-7.2223667,-35.8734667,1,RUA PROFESSOR ANTÔNIO CARLOS MARANHÃO
-7.2530122,-35.9092220,3,RUA FRANCISCO ALVES
-7.2458674,-35.9007913,4,RUA GASPARINO BARRETO
-7.2483791,-35.8886119,3,RUA CLAUDINO G DE OLIVEIRA
-7.2216092,-35.8699701,1,RUA TOMÉ DE SOUSA 
-7.2756990,-35.9108130,2,RUA JOSÉ SANTINO
-7.2035447,-35.9023844,1,RUA JOSE ANCHIETA DE QUEIROZ
-7.2159287,-35.8676504,1,RUA ALICE GAUDENCIO 
-7.2472799,-35.9146872,1,TRAVESSA SEVERINO DE ALBUQUERQUE 
-7.2459571,-35.8983574,1,RUA JESUÍNO ALVES CORREIA
-7.2075701,-35.8734266,1,RUA JOSÉ ALVES SOBRINHO 
-7.2378315,-35.9008778,1,RUA JOAO NUNES DE FIGUEIREDO
-7.2115693,-35.8549486,1,RUA JOAO AMARO DE LIMA
-7.2056033,-35.9038021,1,RUA ASSEMBLEIA DE DEUS
-7.2375122,-35.8679401,12,RODOVIA BR 230
-7.2223667,-35.8734667,1,RUA DIONISIO ALMEIDA MAX
-7.2223667,-35.8734667,1,RUA VIA COLETORA
-7.2350815,-35.9071684,1,RUA MEN DE SÁ 
-7.2183447,-35.9248729,1,RUA SEVERINO RAMOS FREITAS 
-7.2197920,-35.8982818,2,RUA RODRIGUES ALVES 
-7.2287982,-35.8836443,1,RUA CAZUZA BARRETO
-7.2415243,-35.8923018,3,RUA DOUTOR EDÉSIO SILVA
-7.2274704,-35.8966416,1,RUA CASTRO PINTO 
-7.2350128,-35.9090620,1,RUA MANOEL PORTO
-7.2401554,-35.8650041,1,RUA MARIA ELISABETE SILVA
-7.2354700,-35.8962185,4,AV ALMIRANTE BARROSO
-7.2228389,-35.8842263,9,RUA IRINEU JOFFILY 
-7.2251882,-35.8882068,1,RUA JOÃO MOURA
-7.2223667,-35.8734667,1,RUA GASPAR DUTRA
-7.2220367,-35.9228491,1,RUA DOUTOR JOSE GREGORIO 
-7.2359227,-35.8668100,1,AV ENGENHEIRO JOSE CELINO FILHO
-7.2435010,-35.8954198,2,AVENIDA APRIGIO NEPOMUCENO 
-7.2163671,-35.8750987,1,RUA VIGARIO VIRGINIO 
-7.2334289,-35.8922382,2,RUA PERNAMBUCO
-7.2223667,-35.8734667,1,RUA JOANA GUEDES DE ARAÚJO
-7.2333244,-35.8877546,3,RUA PARAIBA
-7.2158521,-35.8954390,2,RUA ARROJADO LISBOA
-7.2223667,-35.8734667,2,RUA PRINCIPAL
-7.2314698,-35.8699714,2,RUA RUBENS SALDANHA
-7.1959963,-35.8807686,1,RUA DAS CASTANHOLAS
-7.2311221,-35.8981787,2,RUA SANTA RITA
-7.2187447,-35.8960187,4,AVENIDA DOM PEDRO II
-7.2275983,-35.8770020,3,RUA ELPIDIO DE ALMEIDA
-7.1986848,-35.8959945,3,RUA QUINZE DE NOVEMBRO
-7.2200849,-35.8812143,1,RUA CORONEL JOÃO LOURENÇO PORTO 
-7.2223259,-35.8820395,1,RUA JOAO TAVARES
-7.2212517,-35.8836956,1,RUA MAJOR JUVINO DO DÓ
-7.2563153,-35.8787877,2,RUA VIGARIO CALIXTO
-7.2158611,-35.8698329,1,RUA MANOEL DAVI DE ARRUDA 
-7.2333880,-35.9212702,1,RUA DOUTOR LUIZ MARCELINO DE OLIVEIRA
-7.2149224,-35.8838690,2,RUA JOAO ALVES DE OLIVEIRA 
-7.2187447,-35.8960187,1,AV DOM PEDRO II
-7.2229611,-35.8852388,2,RUA SOLON DE LUCENA
-7.2223667,-35.8734667,2,RUA JOAO ARLINDO CORREIA
-7.2433129,-35.9233968,3,RUA JAMILA ABRAHÃO JORGE 
-7.2223667,-35.8734667,1,RUA SEVERINA RAMOS DA SILVA 
-7.2152210,-35.8811836,4,RUA ESTELITA CRUZ
-7.2272312,-35.9188297,1,RUA CEL JOAO FIGUEIREDO
-7.2227160,-35.8826100,1,RUA ALEXANDRINO CAVALCANTE 
-7.2163671,-35.8750987,1,RUA VIGÁRIO VIRGINIO 
-7.2352459,-35.9022550,2,RUA ANA ALMEIDA DE CASTRO 
-7.2223667,-35.8734667,2,RUA ADERALDO VASCONCELOS DINIZ 
-7.2492900,-35.9013847,2,RUA ANA VILAR 
-7.2570239,-35.9078675,1,RUA ANTONIETA AMORIM DE SOUZA
-7.2196143,-35.8680883,1,RUA MAMEDE MOISÉS RAIA
-7.2086304,-35.9003121,1,RUA MARIA ROSA
-7.2412275,-35.9041761,2,RUA ALFREDO ALVES ARAUJO
-7.2365463,-35.9028056,4,RUA PRESIDENTE COSTA E SILVA
-7.2551131,-35.9022736,1,RUA MILTON XAVIER DE LIRA 
-7.2211950,-35.8859795,1,RUA RUI BARBOSA 
-7.2507437,-35.8952592,1,RUA GABRIEL CHABO 
-7.2413722,-35.8989552,1,RUA VIRGILIO PEREIRA DA SILVA 
-7.2127019,-35.9235229,1,RUA JOSE MARINHO FALCAO
-7.2342495,-35.8586875,7,RUA FERNANDES VIEIRA 
-7.2415243,-35.8923018,1,TRAVESSA EDÉSIO SILVA
-7.2511432,-35.9103476,1,RUA DIONISIO MARQUES DE ALMEIDA 
-7.2297637,-35.9258706,1,AVENIDA PLÍNIO LEMOS
-7.2181600,-35.8845104,4,RUA VENANCIO NEIVA
-7.2152210,-35.8811836,3,RUA ESTELITA CRUZ 
-7.2256211,-35.9024741,1,AVENIDA OSVALDO CRUZ
-7.2423201,-35.9286699,1,RUA CARLOS ANTÔNIO DA COSTA
-7.2232794,-35.9006096,4,RUA EPITACIO PESSOA
-7.2424087,-35.9276399,4,RUA CARLOS FORMIGA PEREIRA
-7.2463669,-35.9049955,1,RUA PEDRO BARBOSA 
-7.2564180,-35.9065424,1,RUA ANTONIO PEREIRA FURTUOSO
-7.2227657,-35.8720450,7,RUA JOANA DARC
-7.2223667,-35.8734667,1,RUA PINTA MARINHO SANTIAGO 
-7.2483569,-35.9284381,1,RUA ALCIDES AVELINO DE MEDEIROS
-7.2302734,-35.9005177,2,RUA REPUBLICA
-7.2004445,-35.8814506,1,RUA MIRIAN DE LOURDES LIMA 
-7.2332603,-35.8632298,1,RUA DJALMA MIGUEL DE MORAIS 
-7.2529366,-35.9234612,2,RUA MARIA EVA DE MOURA
-7.2270236,-35.8958135,1,RUA JOSE ELPIDIO DA COSTA MONTEIRO 
-7.2223667,-35.8734667,1,RUA FRANCISCO NUNES DE ARAÚJO
-7.2092905,-35.8718045,1,RUA EPAMINONDAS MACAXEIRA
-7.2360390,-35.9272475,1,RUA PARNAÍBA 
-7.2618149,-35.9215041,1,AV TRÊS IRMÃS
-7.2563153,-35.8787877,1,RUA VIGÁRIO CALIXTO
-7.2072556,-35.8826059,1,RUA BENEDITO MOTA 
-7.2024090,-35.8767899,2,RUA ARNALDO ALBUQUERQUE
-7.2257831,-35.8724315,7,RUA CAMPOS SALES 
-7.2407499,-35.8622886,2,RUA SÃO LUIZ
-7.2077089,-35.8802096,1,RUA NOBERTO LEAL
-7.2223667,-35.8734667,1,RUA QUINTINO PAULINO DA COSTA
-7.2355900,-35.9312681,1,RUA MARIA DA GUIA MUNIZ DE ALBUQUERQUE 
-7.2161719,-35.9226963,1,RUA FRANCISCO MELQUIADES 
-7.2251882,-35.8882068,1,RUA DOUTOR JOAO MOURA 
-7.2198289,-35.9215300,1,RUA PACÍFICO LECARIÃO DE TRINDADE
-7.2210294,-35.9201042,1,RUA RITA PEREIRA DE ARAUJO 
-7.2180225,-35.9016593,1,RUA JOAO ALVES LIRA
-7.2538661,-35.9338014,1,RUA TUCURUI
-7.2228389,-35.8842263,1,RUA IRINEU JOFFILY
-7.2151848,-35.8695738,1,RUA MACIEL MALHEIRO
-7.2006930,-35.8830228,1,RUA JESSÉ BARBOSA DE MENEZES
-7.2186207,-35.8481398,5,RUA GONÇALVES DIAS
-7.2477240,-35.9263465,1,RUA CORNÉLIO JACINTO DA SILVA
-7.2223667,-35.8734667,1,AVENIDA JOÃO WALLIG
-7.2037695,-35.9013278,1,RUA MANOEL ALEXANDRINO DE ARAÚJO
-7.2256524,-35.8893318,1,RUA JOSE DE PATROCINIO 
-7.2276544,-35.9194464,1,RUA ANIBAL FERREIRA 
-7.2294633,-35.8711409,1,RUA AMELIA VIEIRA 
-7.2159287,-35.8676504,1,RUA ALICE GAUDÊNCIO
-7.2284081,-35.9108383,1,RUA PAULO PONTES
-7.2131395,-35.8862197,1,RUA PROF. MAURO LUNA
-7.2146094,-35.8733014,83,AVENIDA FLORIANO PEIXOTO
-7.2312997,-35.9294593,1,RUA SANTARÉM
-7.2214361,-35.8826663,2,RUA JOAO XXIII
-7.2447102,-35.9080866,1,RUA ANTONIO JOAQUIM CARVALHO
-7.2486639,-35.9041712,3,RUA MANOEL ADOLFO DA COSTA 
-7.2223667,-35.8734667,1,RUA TRANQUILINO CORREIA DE LEMOS
-7.2182730,-35.8872468,1,RUA BARTOLOMEU DE GUSMAO
-7.2353559,-35.8863766,3,RUA PEDRO LEAL
-7.2223667,-35.8734667,1,RUA JOSE GONCALVES SOBRINHO
-7.2200849,-35.8812143,1,RUA LOURENÇO PORTO 
-7.2227657,-35.8720450,1,RUA JOANA DARC 
-7.2430422,-35.9202872,1,RUA ANTONIO BARBOSA DE MEDEIROS
-7.2319201,-35.9011635,1,RUA EUCLIDES CAROLINO LIMA 
-7.2211950,-35.8859795,1,RUA RUI BARBOSA
-7.2297637,-35.9258706,1,RUA PLÍNIO LEMOS
-7.2223667,-35.8734667,1,RUA JOUJAI HABIB
-7.2529304,-35.8772051,1,RUA HAROLDO CRUZ 
-7.2121814,-35.8606263,1,RUA JOSE GOMES DA FARIAS
-7.2218340,-35.9033979,1,RUA MONTE CARMELO
-7.2399133,-35.8721945,1,RUA PROFESSORA EUTECIA VITAL RIBEIRO
-7.2235079,-35.9151396,1,AV PORTUGAL 
-7.2183242,-35.8833199,2,RUA SEMEAO LEAL 
-7.2256524,-35.8893318,1,RUA JOSÉ DO PATROCÍNIO
-7.2754488,-35.9211554,1,RUA MANOEL LOPES DE FIGUEIREDO 
-7.2352459,-35.9022550,1,RUA ANA ALMEIDA DE CASTRO
-7.2991534,-35.7369885,1,RUA SATURNINO DE BRITO
-7.2399133,-35.8721945,1,RUA EUTÉCIA VITAL RIBEIRO
-7.2179827,-35.8836460,2,RUA MACIEL PINHEIRO 
-7.2159287,-35.8676504,1,RUA ALICE GAUDÊNCIO 
